Date,SP500,Dividend,Earnings,Consumer Price Index,Long Interest Rate,Real Price,Real Dividend,Real Earnings,PE10,Capital Gain Yeild,Dividend Yeild,Total Monthly Return,Rolling Balance,Percent_change_since_last_month,Percent_change_since_last_year
1926-01-01,12.65,0.6075,1.249,17.9,3.68,216.34,10.39,21.36,11.34,,,,,,
1926-02-01,12.67,0.615,1.248,17.9,3.65,216.68,10.52,21.34,11.39,0.001571600258851823,0.00405226341252966,0.005623863671381483,10056.24,,
1926-03-01,11.81,0.6225,1.248,17.8,3.62,203.11,10.71,21.46,10.71,-0.06262691526675278,0.004118977293705003,-0.05850793797304778,9467.87,-5.85,
1926-04-01,11.48,0.63,1.247,17.9,3.6,196.33,10.77,21.33,10.4,-0.033380926591502144,0.004418787848948845,-0.0289621387425533,9193.66,-2.9,
1926-05-01,11.56,0.6375,1.246,17.8,3.57,198.81,10.96,21.43,10.58,0.012631793409056128,0.004652031443657788,0.017283824852713917,9352.56,1.73,
1926-06-01,12.11,0.645,1.245,17.7,3.54,209.45,11.16,21.53,11.2,0.05351843468638392,0.00467783310698657,0.05819626779337049,9896.84,5.82,
1926-07-01,12.62,0.6525,1.244,17.5,3.51,220.76,11.41,21.76,11.87,0.053998567677249955,0.004539667382828042,0.058538235060078,10476.19,5.85,
1926-08-01,13.12,0.66,1.243,17.4,3.48,230.83,11.61,21.87,12.49,0.045615147671679755,0.004382587425258199,0.04999773509693795,10999.97,5.0,
1926-09-01,13.32,0.6675,1.242,17.5,3.45,233.01,11.68,21.73,12.69,0.009444179699345745,0.004216667388698753,0.013660847088044499,11150.24,1.37,
1926-10-01,13.02,0.675,1.242,17.6,3.42,226.46,11.74,21.6,12.43,-0.028110381528689683,0.004198675307211422,-0.02391170622147826,10883.62,-2.39,
1926-11-01,13.19,0.6825,1.241,17.7,3.4,228.13,11.8,21.46,12.62,0.007374370749801234,0.00434219435367541,0.011716565103476644,11011.14,1.17,
1926-12-01,13.49,0.69,1.24,17.7,3.37,233.31,11.93,21.45,13.01,0.022706351641607884,0.004357895352065343,0.027064246993673227,11309.15,2.71,
1927-01-01,13.4,0.6967,1.229,17.5,3.34,234.41,12.19,21.5,13.19,0.004714757190004691,0.004354006829254354,0.009068764019259046,11411.71,0.91,
1927-02-01,13.66,0.7033,1.218,17.4,3.34,240.33,12.37,21.43,13.63,0.025254895268973235,0.004397565519104703,0.029652460788077938,11750.09,2.97,16.84
1927-03-01,13.87,0.71,1.208,17.3,3.34,245.43,12.56,21.38,14.03,0.02122082137061538,0.004355122817237409,0.02557594418785279,12050.61,2.56,27.28
1927-04-01,14.21,0.7167,1.197,17.3,3.34,251.45,12.68,21.18,14.49,0.02452837876380223,0.0043053688084857865,0.028833747572288015,12398.08,2.88,34.85
1927-05-01,14.7,0.7233,1.186,17.4,3.34,258.62,12.73,20.87,15.0,0.028514615231656458,0.004218863922582356,0.03273347915423881,12803.91,3.27,36.9
1927-06-01,14.89,0.73,1.175,17.6,3.34,258.99,12.7,20.44,15.12,0.001430670481787969,0.004092233134843915,0.0055229036166318845,12874.63,0.55,30.09
1927-07-01,15.22,0.7367,1.164,17.3,3.33,269.32,13.04,20.6,15.82,0.03988570987296801,0.004195786195091187,0.044081496068059195,13442.16,4.41,28.31
1927-08-01,16.03,0.7433,1.153,17.2,3.33,285.3,13.23,20.52,16.86,0.05933462052576867,0.0040936432496658254,0.06342826377543449,14294.77,6.34,29.95
1927-09-01,16.94,0.75,1.143,17.3,3.33,299.76,13.27,20.23,17.82,0.050683491062039884,0.0038760369202009573,0.05455952798224084,15074.69,5.46,35.2
1927-10-01,16.68,0.7567,1.132,17.4,3.33,293.46,13.31,19.92,17.54,-0.021016813450760646,0.0037001823681167157,-0.017316631082643932,14813.64,-1.73,36.11
1927-11-01,17.06,0.7633,1.121,17.3,3.33,301.88,13.51,19.84,18.13,0.02869215566005594,0.003836411549558145,0.032528567209614084,15295.51,3.25,38.91
1927-12-01,17.46,0.77,1.11,17.3,3.33,308.96,13.63,19.64,18.65,0.023453027693123043,0.0037625325736495743,0.027215560266772618,15711.79,2.72,38.93
1928-01-01,17.53,0.7767,1.133,17.3,3.33,310.2,13.74,20.05,18.81,0.004013464526152283,0.0037059813568099433,0.007719445882962226,15833.07,0.77,38.74
1928-02-01,17.32,0.7833,1.155,17.1,3.35,310.07,14.02,20.68,18.87,-0.0004190844616376385,0.0037663872770255747,0.0033473028153879363,15886.07,0.33,35.2
1928-03-01,18.25,0.79,1.177,17.1,3.38,326.72,14.14,21.07,19.94,0.05369755216564013,0.0038002171552660156,0.057497769320906146,16799.48,5.75,39.41
1928-04-01,19.4,0.7967,1.2,17.1,3.4,347.3,14.26,21.48,21.26,0.0629897159647404,0.003637161279791054,0.06662687724453145,17918.78,6.66,44.53
1928-05-01,20.0,0.8033,1.222,17.2,3.42,355.96,14.3,21.75,21.83,0.02493521451194923,0.0034312314041654666,0.028366445916114695,18427.07,2.84,43.92
1928-06-01,19.02,0.81,1.245,17.1,3.44,340.5,14.5,22.29,20.91,-0.04343184627486229,0.003394576169607072,-0.040037270105255214,17689.3,-4.0,37.4
1928-07-01,19.16,0.8167,1.268,17.1,3.46,343.01,14.62,22.7,21.08,0.007371512481644613,0.0035780714635340184,0.010949583945178632,17882.99,1.09,33.04
1928-08-01,19.78,0.8233,1.29,17.1,3.49,354.11,14.74,23.09,21.76,0.032360572578059014,0.003581042340845262,0.035941614918904276,18525.74,3.59,29.6
1928-09-01,21.17,0.83,1.312,17.3,3.51,374.61,14.69,23.22,23.0,0.057891615599672416,0.0034570237120292186,0.06134863931170163,19662.27,6.13,30.43
1928-10-01,21.6,0.8367,1.335,17.2,3.53,384.44,14.89,23.76,23.58,0.026240623581858424,0.0033123337159534807,0.029552957297811905,20243.35,2.96,36.65
1928-11-01,23.06,0.8433,1.357,17.2,3.56,410.42,15.01,24.15,25.12,0.06757881594006872,0.0032536503312177016,0.07083246627128642,21677.23,7.08,41.72
1928-12-01,23.15,0.85,1.38,17.1,3.58,414.44,15.22,24.71,25.3,0.009794844305833005,0.00309033023082046,0.012885174536653466,21956.55,1.29,39.75
1929-01-01,24.86,0.86,1.399,17.1,3.6,445.05,15.4,25.05,27.08,0.07385870089759679,0.003096547952256861,0.07695524884985365,23646.22,7.7,49.35
1929-02-01,24.99,0.87,1.418,17.1,3.57,447.38,15.57,25.39,27.13,0.005235366812717636,0.002915402763734412,0.008150769576452048,23838.95,0.82,50.06
1929-03-01,25.43,0.88,1.438,17.0,3.55,457.93,15.85,25.89,27.68,0.023581742590191808,0.0029523745659916253,0.026534117156183434,24471.5,2.65,45.67
1929-04-01,25.28,0.89,1.457,16.9,3.52,457.92,16.12,26.39,27.57,-2.183739872904353e-05,0.002933490562604183,0.0029116531638751393,24542.75,0.29,36.97
1929-05-01,25.66,0.9,1.476,17.0,3.5,462.07,16.21,26.58,27.7,0.009062718378756064,0.0029499330305147913,0.012012651409270856,24837.57,1.2,34.79
1929-06-01,26.15,0.91,1.495,17.1,3.47,468.14,16.29,26.76,27.94,0.013136537754019939,0.002937866557015171,0.016074404311035108,25236.82,1.61,42.67
1929-07-01,28.48,0.92,1.514,17.3,3.45,503.96,16.28,26.79,29.93,0.07651557226470712,0.002897993477734581,0.0794135657424417,27240.97,7.94,52.33
1929-08-01,30.1,0.93,1.533,17.3,3.42,532.63,16.46,27.13,31.48,0.05688943566949761,0.0027217768605974023,0.05961121253009501,28864.84,5.96,55.81
1929-09-01,31.3,0.94,1.552,17.3,3.39,553.86,16.63,27.46,32.56,0.03985881381071291,0.0026018687143670714,0.042460682525079986,30090.46,4.25,53.04
1929-10-01,27.99,0.95,1.572,17.3,3.37,495.29,16.81,27.82,28.96,-0.10574874517025962,0.0025292191769279836,-0.10321952599333163,26984.53,-10.32,33.3
1929-11-01,20.58,0.96,1.591,17.3,3.34,364.17,16.99,28.15,21.17,-0.26473379232368915,0.00285859462806302,-0.2618751976956261,19917.95,-26.19,-8.12
1929-12-01,21.4,0.97,1.61,17.2,3.32,380.88,17.26,28.65,22.01,0.04588516352253063,0.0039496205984384586,0.04983478412096909,20910.56,4.98,-4.76
1930-01-01,21.71,0.9708,1.557,17.1,3.29,388.66,17.38,27.87,22.31,0.02042638101239243,0.003802597493523769,0.0242289785059162,21417.2,2.42,-9.43
1930-02-01,23.07,0.9717,1.503,17.0,3.29,415.43,17.5,27.07,23.7,0.06887768229300668,0.0037522084426834077,0.0726298907356901,22972.73,7.26,-3.63
1930-03-01,23.94,0.9725,1.45,16.9,3.3,433.65,17.62,26.27,24.59,0.04385817105168132,0.003534490367410475,0.04739266141909179,24061.47,4.74,-1.68
1930-04-01,25.46,0.9733,1.397,17.0,3.3,458.47,17.53,25.16,25.84,0.057235097428802145,0.003368692109612207,0.06060378953841435,25519.69,6.06,3.98
1930-05-01,23.94,0.9742,1.343,16.9,3.31,433.65,17.65,24.33,24.31,-0.05413658472746319,0.003208134301771835,-0.05092845042569135,24220.01,-5.09,-2.49
1930-06-01,21.52,0.975,1.29,16.8,3.31,392.13,17.77,23.51,21.87,-0.09574541681079207,0.0034148122525846495,-0.09233060455820742,21983.76,-9.23,-12.89
1930-07-01,21.06,0.9758,1.237,16.6,3.32,388.38,18.0,22.81,21.55,-0.009563155076122714,0.003825262030449086,-0.005737893045673629,21857.62,-0.57,-19.76
1930-08-01,20.79,0.9767,1.183,16.5,3.32,385.72,18.12,21.95,21.3,-0.006848962356454936,0.003887944796333488,-0.002961017560121448,21792.9,-0.3,-24.5
1930-09-01,20.78,0.9775,1.13,16.6,3.32,383.21,18.03,20.84,21.07,-0.006507311002800082,0.0038953126620346365,-0.0026119983407654457,21735.98,-0.26,-27.76
1930-10-01,17.92,0.9783,1.077,16.5,3.33,332.47,18.15,19.98,18.21,-0.13240781816758423,0.003946922053182329,-0.1284608961144019,18943.75,-12.85,-29.8
1930-11-01,16.62,0.9792,1.023,16.4,3.33,310.23,18.28,19.1,16.94,-0.066893253526634,0.004581867035622262,-0.06231138649101174,17763.34,-6.23,-10.82
1930-12-01,15.51,0.98,0.97,16.1,3.34,294.91,18.63,18.44,16.06,-0.04938271604938269,0.005004351610095735,-0.04437836443928696,16975.03,-4.44,-18.82
1931-01-01,15.98,0.9667,0.94,15.9,3.34,307.67,18.61,18.1,16.71,0.04326743752331216,0.005258666485820533,0.048526104009132695,17798.77,4.85,-16.89
1931-02-01,17.2,0.9533,0.91,15.7,3.37,335.38,18.59,17.74,18.16,0.09006402964214899,0.005035156715528542,0.09509918635767753,19491.41,9.51,-15.15
1931-03-01,17.53,0.94,0.88,15.6,3.4,344.0,18.45,17.27,18.58,0.025702188562227935,0.004584352078239608,0.030286540640467544,20081.74,3.03,-16.54
1931-04-01,15.86,0.9267,0.85,15.5,3.42,313.24,18.3,16.79,16.87,-0.08941860465116276,0.0044331395348837215,-0.08498546511627904,18375.09,-8.5,-28.0
1931-05-01,14.33,0.9133,0.82,15.3,3.45,286.72,18.27,16.41,15.4,-0.08466351679223592,0.0048604903588302896,-0.07980302643340563,16908.7,-7.98,-30.19
1931-06-01,13.87,0.9,0.79,15.1,3.48,281.19,18.25,16.02,15.06,-0.0192871093750001,0.00530424572172619,-0.01398286365327391,16672.27,-1.4,-24.16
1931-07-01,14.33,0.8867,0.76,15.1,3.51,290.52,17.98,15.41,15.52,0.033180411821188464,0.00532854416349562,0.03850895598468408,17314.3,3.85,-20.79
1931-08-01,13.9,0.8733,0.73,15.1,3.54,281.8,17.7,14.8,15.01,-0.030015145256780843,0.005077103125430263,-0.02493804213135058,16882.51,-2.49,-22.53
1931-09-01,11.83,0.86,0.7,15.0,3.57,241.43,17.55,14.29,12.82,-0.14325762952448545,0.005189850958126331,-0.13806777856635913,14551.58,-13.81,-33.05
1931-10-01,10.25,0.8467,0.67,14.9,3.6,210.59,17.4,13.77,11.15,-0.1277388891189993,0.006005881622002236,-0.12173300749699707,12780.17,-12.17,-32.54
1931-11-01,10.39,0.8333,0.64,14.7,3.62,216.37,17.35,13.33,11.42,0.027446697374044357,0.006865631479810692,0.034312328853855045,13218.69,3.43,-25.58
1931-12-01,8.44,0.82,0.61,14.6,3.65,176.97,17.19,12.79,9.31,-0.1820954845865878,0.006620603595692564,-0.17547488099089525,10899.14,-17.55,-35.79
1932-01-01,8.3,0.7933,0.5933,14.3,3.68,177.68,16.98,12.7,9.31,0.004011979431542114,0.007995705486805673,0.012007684918347788,11030.02,1.2,-38.03
1932-02-01,8.23,0.7667,0.5767,14.1,3.65,178.68,16.65,12.52,9.34,0.005628095452498874,0.007808982440342188,0.013437077892841062,11178.23,1.34,-42.65
1932-03-01,8.26,0.74,0.56,14.0,3.62,180.62,16.18,12.25,9.41,0.010857398701589421,0.007546078650846951,0.018403477352436373,11383.95,1.84,-43.31
1932-04-01,6.28,0.7133,0.5433,13.9,3.59,138.31,15.71,11.97,7.19,-0.23424869892592184,0.007248182187280848,-0.227000516738641,8799.78,-22.7,-52.11
1932-05-01,5.51,0.6867,0.5267,13.7,3.56,123.12,15.34,11.77,6.39,-0.10982575374159495,0.009242522835177017,-0.10058323090641794,7914.67,-10.06,-53.19
1932-06-01,4.77,0.66,0.51,13.6,3.53,107.37,14.86,11.48,5.57,-0.12792397660818713,0.010057938055014077,-0.11786603855317306,6981.8,-11.79,-58.12
1932-07-01,5.01,0.6333,0.4933,13.6,3.5,112.77,14.26,11.1,5.84,0.05029337803855818,0.011067647697991368,0.06136102573654954,7410.21,6.14,-57.2
1932-08-01,7.53,0.6067,0.4767,13.5,3.46,170.75,13.76,10.81,8.83,0.5141438325795868,0.01016818893913866,0.5243120215187255,11295.48,52.43,-33.09
1932-09-01,8.26,0.58,0.46,13.4,3.43,188.7,13.25,10.51,9.76,0.10512445095168368,0.006466569058077111,0.11159102000976079,12555.95,11.16,-13.71
1932-10-01,7.12,0.5533,0.4433,13.3,3.4,163.88,12.74,10.2,8.48,-0.1315315315315315,0.005626214449743862,-0.12590531708178762,10975.09,-12.59,-14.12
1932-11-01,7.05,0.5267,0.4267,13.2,3.37,163.5,12.21,9.9,8.46,-0.002318769831584058,0.00620881132536002,0.003890041493775962,11017.78,0.39,-16.65
1932-12-01,6.82,0.5,0.41,13.1,3.34,159.37,11.68,9.58,8.26,-0.02525993883792046,0.005953109072375127,-0.019306829765545333,10805.06,-1.93,-0.86
1933-01-01,7.09,0.495,0.4125,12.9,3.31,168.25,11.75,9.79,8.73,0.05571939511827819,0.006143983602099935,0.06186337872037813,11473.5,6.19,4.02
1933-02-01,6.25,0.49,0.415,12.7,3.29,150.65,11.81,10.0,7.83,-0.10460624071322433,0.005849430411094602,-0.09875681030212972,10340.42,-9.88,-7.5
1933-03-01,6.23,0.485,0.4175,12.6,3.28,151.36,11.78,10.14,7.87,0.004712910720212466,0.00651620754508242,0.011229118265294886,10456.53,1.12,-8.15
1933-04-01,6.89,0.48,0.42,12.6,3.26,167.4,11.66,10.2,8.72,0.10597251585623672,0.006419573643410852,0.11239208949964757,11631.76,11.24,32.18
1933-05-01,8.87,0.475,0.4225,12.6,3.25,215.5,11.54,10.26,11.25,0.28733572281959374,0.005744723217841497,0.2930804460374352,15040.8,29.31,90.04
1933-06-01,10.39,0.47,0.425,12.7,3.23,250.45,11.33,10.24,13.1,0.16218097447795818,0.004381283836040217,0.1665622583139984,17546.03,16.66,151.31
1933-07-01,11.23,0.465,0.4275,13.1,3.21,262.43,10.87,9.99,13.75,0.047833898981832774,0.0036168230518400213,0.0514507220336728,18448.79,5.15,148.96
1933-08-01,10.67,0.46,0.43,13.2,3.2,247.45,10.67,9.97,13.0,-0.057081888503601026,0.0033882051086638974,-0.05369368339493713,17458.21,-5.37,54.56
1933-09-01,10.58,0.455,0.4325,13.2,3.18,245.37,10.55,10.03,12.92,-0.008405738533036913,0.003552906311039268,-0.004852832221997645,17373.48,-0.49,38.37
1933-10-01,9.55,0.45,0.435,13.2,3.17,221.48,10.44,10.09,11.7,-0.09736316583119377,0.003545665729306761,-0.09381750010188701,15743.55,-9.38,43.45
1933-11-01,9.78,0.445,0.4375,13.2,3.15,226.81,10.32,10.15,12.01,0.024065378363734933,0.00388296911685028,0.027948347480585212,16183.55,2.79,46.89
1933-12-01,9.97,0.44,0.44,13.2,3.14,231.22,10.2,10.2,12.28,0.019443587143423997,0.003747630175036374,0.02319121731846037,16558.87,2.32,53.25
1934-01-01,10.54,0.4408,0.4442,13.2,3.12,244.44,10.22,10.3,13.03,0.05717498486290113,0.0036833607242741403,0.06085834558717527,17566.62,6.09,53.11
1934-02-01,11.32,0.4417,0.4483,13.3,3.09,260.55,10.17,10.32,13.93,0.06590574374079534,0.003467108492881689,0.06937285223367703,18785.26,6.94,81.67
1934-03-01,10.74,0.4425,0.4525,13.3,3.06,247.2,10.19,10.42,13.25,-0.05123776626367309,0.0032591313247617216,-0.047978634938911364,17883.97,-4.8,71.03
1934-04-01,10.92,0.4433,0.4567,13.3,3.04,251.35,10.2,10.51,13.52,0.01678802588996766,0.0034385113268608413,0.020226537216828502,18245.7,2.02,56.86
1934-05-01,9.81,0.4442,0.4608,13.3,3.01,225.8,10.22,10.61,12.18,-0.10165108414561362,0.0033883694715204564,-0.09826271467409317,16452.83,-9.83,9.39
1934-06-01,9.94,0.445,0.465,13.4,2.98,227.08,10.17,10.62,12.29,0.005668733392382644,0.003753321523472099,0.009422054915854744,16607.85,0.94,-5.35
1934-07-01,9.47,0.4458,0.4692,13.4,2.96,216.35,10.18,10.72,11.74,-0.04725206975515245,0.0037358346544536427,-0.043516235100698804,15885.14,-4.35,-13.9
1934-08-01,9.1,0.4467,0.4733,13.4,2.93,207.89,10.21,10.81,11.32,-0.03910330483013639,0.003932670826592713,-0.03517063400354368,15326.45,-3.52,-12.21
1934-09-01,8.88,0.4475,0.4775,13.6,2.9,199.88,10.07,10.75,10.91,-0.03852999182259845,0.004036589863228952,-0.034493401959369493,14797.79,-3.45,-14.83
1934-10-01,8.95,0.4483,0.4817,13.5,2.87,202.95,10.17,10.92,11.11,0.015359215529317558,0.00424004402641585,0.019599259555733408,15087.81,1.96,-4.17
1934-11-01,9.2,0.4492,0.4858,13.5,2.84,208.62,10.19,11.02,11.45,0.027937915742793872,0.0041841175987517455,0.03212203334154562,15572.46,3.21,-3.78
1934-12-01,9.26,0.45,0.49,13.4,2.82,211.55,10.28,11.19,11.64,0.014044674527849712,0.004106349662863899,0.01815102419071361,15855.12,1.82,-4.25
1935-01-01,9.26,0.45,0.57,13.6,2.79,208.44,10.13,12.83,11.5,-0.014701016308201434,0.003990388403056803,-0.01071062790514463,15685.3,-1.07,-10.71
1935-02-01,8.98,0.45,0.65,13.7,2.78,200.66,10.06,14.52,11.09,-0.03732488965649588,0.00402194076632764,-0.03330294889016824,15162.93,-3.33,-19.28
1935-03-01,8.41,0.45,0.73,13.7,2.77,187.92,10.06,16.31,10.4,-0.06349048141134261,0.004177879663776206,-0.05931260174756641,14263.58,-5.93,-20.24
1935-04-01,9.04,0.446667,0.756667,13.8,2.75,200.54,9.91,16.79,11.1,0.06715623669646661,0.004394600539236555,0.07155083723570317,15284.15,7.16,-16.23
1935-05-01,9.75,0.443333,0.783333,13.8,2.74,216.29,9.83,17.38,11.99,0.07853794754163758,0.00408480436155713,0.08262275190319471,16546.97,8.26,0.57
1935-06-01,10.12,0.44,0.81,13.7,2.73,226.13,9.83,18.1,12.54,0.04549447501040272,0.0037873533989859296,0.04928182840938865,17362.44,4.93,4.54
1935-07-01,10.65,0.44,0.793333,13.7,2.72,237.98,9.83,17.73,13.2,0.05240348472117806,0.003622547502174266,0.056026032223352326,18335.18,5.6,15.42
1935-08-01,11.37,0.44,0.776667,13.7,2.71,254.06,9.83,17.35,14.11,0.0675687032523742,0.003442166008348041,0.07101086926072224,19637.18,7.1,28.13
1935-09-01,11.61,0.44,0.76,13.7,2.7,259.43,9.83,16.98,14.42,0.02113673935290878,0.003224303970190769,0.02436104332309955,20115.56,2.44,35.94
1935-10-01,11.92,0.45,0.76,13.7,2.69,266.35,10.06,16.98,14.83,0.026673861928073143,0.0032314432923460407,0.029905305220419183,20717.13,2.99,37.31
1935-11-01,13.04,0.46,0.76,13.8,2.67,289.27,10.2,16.86,16.13,0.08605218697202913,0.0031912896564670543,0.08924347662849619,22565.99,8.92,44.91
1935-12-01,13.04,0.47,0.76,13.8,2.66,289.27,10.43,16.86,16.16,0.0,0.0030046899666977796,0.0030046899666977796,22633.8,0.3,42.75
1936-01-01,13.76,0.48,0.77,13.8,2.65,305.24,10.65,17.08,17.09,0.055207937221281256,0.003068067895046151,0.058276005116327405,23952.8,5.83,52.71
1936-02-01,14.55,0.49,0.78,13.8,2.65,322.76,10.87,17.3,18.1,0.05739745773817318,0.0029676101865198966,0.06036506792469308,25398.72,6.04,67.51
1936-03-01,14.86,0.5,0.79,13.7,2.66,332.05,11.17,17.65,18.66,0.02878299665386052,0.002883979840541992,0.03166697649440251,26203.02,3.17,83.71
1936-04-01,14.88,0.516667,0.82,13.7,2.66,332.49,11.54,18.32,18.72,0.0013251016413190716,0.0028961501781860155,0.004221251819505088,26313.63,0.42,72.16
1936-05-01,14.09,0.533333,0.85,13.7,2.66,314.84,11.92,18.99,17.75,-0.05308430328731701,0.00298755852306335,-0.05009674476425366,24995.4,-5.01,51.06
1936-06-01,14.69,0.55,0.88,13.8,2.66,325.87,12.2,19.52,18.39,0.035033667894803805,0.003229153432431288,0.038262821327235096,25951.79,3.83,49.47
1936-07-01,15.56,0.57,0.9,13.9,2.67,342.69,12.55,19.82,19.36,0.0516156749624083,0.003209357514755373,0.05482503247716367,27374.6,5.48,49.3
1936-08-01,15.87,0.59,0.92,14.0,2.67,347.02,12.9,20.12,19.62,0.012635326388280908,0.003136945927806472,0.01577227231608738,27806.36,1.58,41.6
1936-09-01,16.05,0.61,0.94,14.0,2.67,350.95,13.34,20.55,19.86,0.011324995677482587,0.0032034656984227614,0.014528461375905348,28210.35,1.45,40.24
1936-10-01,16.89,0.646667,0.966667,14.0,2.67,369.32,14.14,21.14,20.91,0.05234363869497081,0.003357553307688655,0.055701192002659466,29781.7,5.57,43.75
1936-11-01,17.36,0.683333,0.993333,14.0,2.67,379.6,14.94,21.72,21.5,0.027834939889526778,0.0033710603270876204,0.031206000216614398,30711.06,3.12,36.09
1936-12-01,17.06,0.72,1.02,14.0,2.68,373.04,15.74,22.3,21.13,-0.01728134878819811,0.0034553916403231473,-0.013825957147874962,30286.45,-1.38,33.81
1937-01-01,17.59,0.73,1.05,14.1,2.68,381.9,15.85,22.8,21.62,0.02375080420330248,0.003540728429480306,0.027291532632782785,31113.02,2.73,29.89
1937-02-01,18.11,0.74,1.08,14.1,2.67,393.19,16.07,23.45,22.24,0.02956271275202938,0.0035065898577288993,0.03306930260975828,32141.9,3.31,26.55
1937-03-01,18.09,0.75,1.11,14.2,2.66,389.99,16.17,23.93,22.04,-0.008138558966402983,0.0034270963147587682,-0.004711462651644214,31990.47,-0.47,22.09
1937-04-01,17.01,0.78,1.13,14.3,2.65,364.14,16.7,24.19,20.56,-0.06628375086540686,0.003568467567544467,-0.0627152832978624,29984.18,-6.27,13.95
1937-05-01,16.25,0.81,1.15,14.4,2.64,345.46,17.22,24.45,19.47,-0.05129895095293021,0.00394079200307574,-0.04735815894985447,28564.18,-4.74,14.28
1937-06-01,15.64,0.84,1.17,14.4,2.63,332.49,17.86,24.87,18.71,-0.03754414403983087,0.004308265308091626,-0.03323587873173924,27614.83,-3.32,6.41
1937-07-01,16.57,0.816667,1.18667,14.5,2.62,349.83,17.24,25.05,19.65,0.05215194441938096,0.004320931957853369,0.056472876377234325,29174.31,5.65,6.57
1937-08-01,16.74,0.793333,1.20333,14.5,2.61,353.42,16.75,25.4,19.81,0.010262127318983598,0.003990033254247301,0.014252160573230898,29590.11,1.43,6.41
1937-09-01,14.37,0.77,1.22,14.6,2.6,301.3,16.15,25.58,16.85,-0.1474732612755362,0.0038080282194933313,-0.14366523305604287,25339.04,-14.37,-10.18
1937-10-01,12.28,0.78,1.19,14.6,2.59,257.48,16.35,24.95,14.36,-0.14543644208430134,0.0045220710255559245,-0.1409143710587454,21768.41,-14.09,-26.91
1937-11-01,11.2,0.79,1.16,14.5,2.58,236.46,16.68,24.49,13.16,-0.08163740873077524,0.005398477551654497,-0.07623893117912074,20108.81,-7.62,-34.52
1937-12-01,11.02,0.8,1.13,14.4,2.57,234.27,17.01,24.02,13.01,-0.009261608728749038,0.005994671403197159,-0.003266937325551879,20043.11,-0.33,-33.82
1938-01-01,11.31,0.793333,1.07667,14.2,2.56,243.82,17.1,23.21,13.51,0.04076492935501764,0.00608272506082725,0.04684765441584489,20982.08,4.68,-32.56
1938-02-01,11.04,0.786667,1.02333,14.1,2.54,239.69,17.08,22.22,13.26,-0.016938725289147714,0.00583763978891532,-0.011101085500232394,20749.16,-1.11,-35.45
1938-03-01,10.31,0.78,0.97,14.1,2.53,223.84,16.93,21.06,12.38,-0.0661270808127164,0.005886075069186589,-0.06024100574352981,19499.21,-6.02,-39.05
1938-04-01,9.89,0.766667,0.903333,14.2,2.51,213.21,16.53,19.47,11.79,-0.04748927805575409,0.006153949249463903,-0.04133532880629019,18693.2,-4.13,-37.66
1938-05-01,9.98,0.753333,0.836667,14.1,2.49,216.68,16.36,18.17,11.99,0.016275034004033576,0.0063943217172427805,0.022669355721276357,19116.97,2.27,-33.07
1938-06-01,10.21,0.74,0.77,14.1,2.48,221.67,16.07,16.72,12.29,0.02302935203987438,0.006180388899144668,0.029209740939019048,19675.37,2.92,-28.75
1938-07-01,12.24,0.713333,0.72,14.1,2.46,265.74,15.49,15.63,14.77,0.19880904046555703,0.0058232207034480685,0.2046322611690051,23701.58,20.46,-18.76
1938-08-01,12.31,0.686667,0.67,14.1,2.44,267.26,14.91,14.55,14.9,0.00571987657108445,0.004675622789192443,0.010395499360276894,23947.97,1.04,-19.07
1938-09-01,11.75,0.66,0.62,14.1,2.43,255.11,14.33,13.46,14.28,-0.045461348499588335,0.004468183292174911,-0.040993165207413425,22966.27,-4.1,-9.36
1938-10-01,13.06,0.61,0.626667,14.0,2.41,285.57,13.34,13.7,16.06,0.11939947473638814,0.0043575973762951924,0.12375707211268333,25808.51,12.38,18.56
1938-11-01,13.07,0.56,0.633333,14.0,2.39,285.79,12.25,13.85,16.15,0.0007703890464685622,0.0035747219012267862,0.0043451109476953485,25920.65,0.43,28.9
1938-12-01,12.69,0.51,0.64,14.0,2.38,277.48,11.15,13.99,15.76,-0.02907729451695301,0.003251221759567048,-0.025826072757385965,25251.22,-2.58,25.98
1939-01-01,12.5,0.513333,0.663333,14.0,2.36,273.33,11.22,14.5,15.6,-0.014956032867233796,0.0033696122243044545,-0.011586420642929342,24958.65,-1.16,18.95
1939-02-01,12.4,0.516667,0.686667,13.9,2.35,273.09,11.38,15.12,15.66,-0.0008780594885303812,0.003469554506762278,0.002591495018231897,25023.33,0.26,20.6
1939-03-01,12.39,0.52,0.71,13.9,2.33,272.87,11.45,15.64,15.73,-0.0008055952250172854,0.0034939641388064984,0.002688368913789213,25090.6,0.27,28.67
1939-04-01,10.83,0.523333,0.726667,13.8,2.32,240.24,11.61,16.12,13.92,-0.11958075273939969,0.0035456444460732215,-0.11603510829332647,22179.21,-11.6,18.65
1939-05-01,11.23,0.526667,0.743333,13.8,2.31,249.12,11.68,16.49,14.5,0.03696303696303694,0.004051504051504051,0.04101454101454099,23088.88,4.1,20.78
1939-06-01,11.43,0.53,0.76,13.8,2.3,253.55,11.76,16.86,14.83,0.01778259473346181,0.0039338471419396275,0.02171644187540144,23590.29,2.17,19.9
1939-07-01,11.71,0.54,0.776667,13.8,2.29,259.76,11.98,17.23,15.27,0.024492210609347188,0.003937421941760336,0.028429632551107524,24260.95,2.84,2.36
1939-08-01,11.54,0.55,0.793333,13.8,2.27,255.99,12.2,17.6,15.12,-0.014513396981829312,0.003913869212606508,-0.010599527769222804,24003.8,-1.06,0.23
1939-09-01,12.77,0.56,0.81,14.1,2.26,277.25,12.16,17.59,16.45,0.08305011914527907,0.0039584879617693405,0.08700860710704841,26092.34,8.7,13.61
1939-10-01,12.9,0.58,0.84,14.0,2.25,282.07,12.68,18.37,16.82,0.017385031559963907,0.0038112413585813043,0.02119627291854521,26645.4,2.12,3.24
1939-11-01,12.67,0.6,0.87,14.0,2.24,277.05,13.12,19.02,16.6,-0.017797000744495983,0.0038761064038477446,-0.013920894340648238,26274.47,-1.39,1.37
1939-12-01,12.37,0.62,0.9,14.0,2.22,270.49,13.56,19.68,16.28,-0.023678036455513453,0.004078686157733261,-0.01959935029778019,25759.51,-1.96,2.01
1940-01-01,12.3,0.623333,0.93,13.9,2.21,270.89,13.73,20.48,16.38,0.0014787977374393776,0.0042299776948007935,0.005708775432240171,25906.56,0.57,3.8
1940-02-01,12.22,0.626667,0.96,14.0,2.19,267.21,13.7,20.99,16.22,-0.013584849939089693,0.004214502811719394,-0.0093703471273703,25663.81,-0.94,2.56
1940-03-01,12.15,0.63,0.99,14.0,2.17,265.67,13.78,21.65,16.17,-0.005763257363122502,0.004297493856267854,-0.0014657635068546478,25626.19,-0.15,2.13
1940-04-01,12.27,0.636667,1.00667,14.0,2.15,268.3,13.92,22.01,16.37,0.009899499378928728,0.0043663191177024125,0.01426581849663114,25991.77,1.43,17.19
1940-05-01,10.58,0.643333,1.02333,14.0,2.12,231.34,14.07,22.38,14.14,-0.13775624301155426,0.004370108087961237,-0.13338613492359302,22524.83,-13.34,-2.44
1940-06-01,9.67,0.65,1.04,14.1,2.1,209.95,14.11,22.58,12.84,-0.0924613123541109,0.005082706550243509,-0.08737860580386739,20556.64,-8.74,-12.86
1940-07-01,9.99,0.656667,1.05333,14.0,2.08,218.44,14.36,23.03,13.37,0.04043819957132655,0.0056997697864570925,0.046137969357783644,21505.08,4.61,-11.36
1940-08-01,10.2,0.663333,1.06667,14.0,2.06,223.04,14.5,23.32,13.65,0.02105841420985165,0.005531648660196545,0.026590062870048198,22076.9,2.66,-8.03
1940-09-01,10.63,0.67,1.08,14.0,2.04,232.44,14.65,23.62,14.21,0.04214490674318511,0.0054736071257771406,0.04761851386896225,23128.17,4.76,-11.36
1940-10-01,10.73,0.67,1.07,14.0,2.02,234.62,14.65,23.4,14.33,0.009378764412321489,0.005252251477083692,0.014631015889405182,23466.56,1.46,-11.93
1940-11-01,10.98,0.67,1.06,14.0,1.99,240.09,14.65,23.18,14.64,0.02331429545648282,0.005203449549626347,0.028517745006109166,24135.77,2.85,-8.14
1940-12-01,10.53,0.67,1.05,14.1,1.97,228.62,14.55,22.8,13.91,-0.04777375150985047,0.005050189512266234,-0.04272356199758424,23104.61,-4.27,-10.31
1941-01-01,10.55,0.673333,1.05333,14.1,1.95,229.05,14.62,22.87,13.9,0.001880850319307177,0.005329075904703584,0.007209926224010761,23271.19,0.72,-10.17
1941-02-01,9.89,0.676667,1.05667,14.1,1.99,214.72,14.69,22.94,13.0,-0.06256275922287716,0.005344539038055737,-0.05721822018482142,21939.65,-5.72,-14.51
1941-03-01,9.95,0.68,1.06,14.2,2.04,214.5,14.66,22.85,12.96,-0.0010245901639344209,0.005689580228514655,0.004664990064580234,22042.0,0.47,-13.99
1941-04-01,9.64,0.683333,1.07,14.3,2.08,206.37,14.63,22.91,12.43,-0.03790209790209788,0.005683760683760684,-0.032218337218337195,21331.85,-3.22,-17.93
1941-05-01,9.43,0.686667,1.08,14.4,2.12,200.47,14.6,22.96,12.04,-0.028589426757765206,0.005895559755132367,-0.022693867002632838,20847.74,-2.27,-7.45
1941-06-01,9.76,0.69,1.09,14.7,2.16,203.25,14.37,22.7,12.16,0.013867411582780471,0.005973462363445902,0.019840873946226373,21261.38,1.98,3.43
1941-07-01,10.26,0.693333,1.12333,14.7,2.21,213.66,14.44,23.39,12.74,0.05121771217712175,0.005920459204592046,0.0571381713817138,22476.22,5.71,4.52
1941-08-01,10.21,0.696667,1.15667,14.9,2.25,209.77,14.31,23.76,12.46,-0.018206496302536675,0.005581297388374053,-0.012625198914162621,22192.45,-1.26,0.52
1941-09-01,10.24,0.7,1.19,15.1,2.29,207.6,14.19,24.13,12.28,-0.010344663202555254,0.005637126376507603,-0.004707536826047651,22087.98,-0.47,-4.5
1941-10-01,9.83,0.703333,1.18,15.3,2.33,196.68,14.07,23.61,11.58,-0.0526011560693641,0.0056478805394990375,-0.046953275529865064,21050.88,-4.7,-10.29
1941-11-01,9.37,0.706667,1.17,15.4,2.38,186.26,14.05,23.26,10.91,-0.05297945901972755,0.005952986238221138,-0.047026472781506415,20060.93,-4.7,-16.88
1941-12-01,8.76,0.71,1.16,15.5,2.42,173.01,14.02,22.91,10.09,-0.07113712015462258,0.006272593865206342,-0.06486452628941623,18759.68,-6.49,-18.81
1942-01-01,8.93,0.703333,1.12,15.7,2.46,174.12,13.71,21.84,10.1,0.006415814114791132,0.006603664528061963,0.013019478642853095,19003.93,1.3,-18.34
1942-02-01,8.65,0.696667,1.08,15.8,2.46,167.6,13.5,20.93,9.68,-0.037445439926487536,0.0064610613370089595,-0.030984378589478577,18415.1,-3.1,-16.06
1942-03-01,8.18,0.69,1.04,16.0,2.46,156.51,13.2,19.9,9.0,-0.0661694510739857,0.006563245823389021,-0.05960620525059668,17317.45,-5.96,-21.43
1942-04-01,7.84,0.68,1.02,16.1,2.46,149.07,12.93,19.39,8.54,-0.04753689860072838,0.006884544118586672,-0.0406523544821417,16613.45,-4.07,-22.12
1942-05-01,7.93,0.67,1.0,16.3,2.46,148.93,12.58,18.78,8.51,-0.0009391561011604371,0.007032490328928245,0.006093334227767808,16714.68,0.61,-19.82
1942-06-01,8.33,0.66,0.98,16.3,2.46,156.44,12.4,18.41,8.91,0.05042637480695623,0.006938382685377918,0.05736475749233415,17673.52,5.74,-16.88
1942-07-01,8.64,0.646667,0.966667,16.4,2.46,161.28,12.07,18.04,9.15,0.03093837893121966,0.0064295150430409955,0.03736789397426066,18333.94,3.74,-18.43
1942-08-01,8.59,0.633333,0.953333,16.5,2.47,159.37,11.75,17.69,9.01,-0.011842757936507915,0.006071221891534391,-0.005771536044973524,18228.12,-0.58,-17.86
1942-09-01,8.68,0.62,0.94,16.5,2.47,161.04,11.5,17.44,9.08,0.010478760117964406,0.006013260546736107,0.016492020664700513,18528.74,1.65,-16.11
1942-10-01,9.32,0.61,0.97,16.7,2.47,170.84,11.18,17.78,9.6,0.06085444610034781,0.005785312137771155,0.06663975823811896,19763.49,6.66,-6.12
1942-11-01,9.47,0.6,1.0,16.8,2.47,172.56,10.93,18.22,9.66,0.010067899789276509,0.005331499258565519,0.015399399047842027,20067.84,1.54,0.03
1942-12-01,9.52,0.59,1.03,16.9,2.47,172.45,10.69,18.66,9.62,-0.0006374594343997082,0.005162455571009117,0.004524996136609409,20158.65,0.45,7.46
1943-01-01,10.09,0.59,1.04333,16.9,2.47,182.77,10.69,18.9,10.15,0.05984343287909552,0.005165748526142843,0.06500918140523837,21469.14,6.5,12.97
1943-02-01,10.69,0.59,1.05667,16.9,2.47,193.64,10.69,19.14,10.71,0.059473655413908054,0.004874067589502288,0.06434772300341034,22850.63,6.43,24.09
1943-03-01,11.07,0.59,1.07,17.2,2.47,197.03,10.5,19.04,10.85,0.017506713488948642,0.004518694484610618,0.02202540797355926,23353.93,2.2,34.86
1943-04-01,11.44,0.59,1.08,17.4,2.47,201.27,10.38,19.0,11.04,0.021519565548393692,0.0043901943866416285,0.02590975993503532,23959.02,2.59,44.21
1943-05-01,11.89,0.59,1.09,17.5,2.47,207.99,10.32,19.07,11.36,0.03338798628707705,0.004272867292691409,0.037660853579768463,24861.34,3.77,48.74
1943-06-01,12.1,0.59,1.1,17.5,2.47,211.67,10.32,19.24,11.52,0.017693158324919363,0.004134814173758354,0.021827972498677718,25404.01,2.18,43.74
1943-07-01,12.35,0.593333,1.09333,17.4,2.48,217.28,10.44,19.24,11.77,0.0265035196296122,0.0041101714933623095,0.030613691122974507,26181.72,3.06,42.8
1943-08-01,11.74,0.596667,1.08667,17.3,2.48,207.74,10.56,19.23,11.21,-0.043906480117820286,0.004050073637702504,-0.03985640648011778,25138.21,-3.99,37.91
1943-09-01,11.99,0.6,1.08,17.4,2.48,210.95,10.56,19.0,11.34,0.015452007316838257,0.0042360643111581785,0.019688071627996434,25633.14,1.97,38.34
1943-10-01,11.88,0.603333,1.03333,17.4,2.48,209.01,10.61,18.18,11.19,-0.009196492059729784,0.004191356561586474,-0.00500513549814331,25504.84,-0.5,29.05
1943-11-01,11.33,0.606667,0.986667,17.4,2.48,199.33,10.67,17.36,10.63,-0.04631357351322893,0.00425418241551441,-0.04205939109771452,24432.12,-4.21,21.75
1943-12-01,11.48,0.61,0.94,17.4,2.48,201.97,10.73,16.54,10.74,0.013244368634926937,0.004485860967574708,0.017730229602501646,24865.31,1.77,23.35
1944-01-01,11.85,0.613333,0.936667,17.4,2.48,208.48,10.79,16.48,11.05,0.03223250977867996,0.004451981317357362,0.036684491096037324,25777.48,3.67,20.07
1944-02-01,11.77,0.616667,0.933333,17.4,2.47,207.08,10.85,16.42,10.95,-0.006715272448196361,0.004336946789460221,-0.00237832565873614,25716.17,-0.24,12.54
1944-03-01,12.1,0.62,0.93,17.4,2.46,212.88,10.91,16.36,11.22,0.028008499130770633,0.0043904127229412145,0.03239891185371185,26549.35,3.24,13.68
1944-04-01,11.89,0.623333,0.926667,17.5,2.45,207.99,10.9,16.21,10.94,-0.022970687711386634,0.004266879619190781,-0.018703808092195854,26052.77,-1.87,8.74
1944-05-01,12.1,0.626667,0.923333,17.5,2.44,211.67,10.96,16.15,11.1,0.017693158324919363,0.004391236758177477,0.02208439508309684,26628.13,2.21,7.11
1944-06-01,12.67,0.63,0.92,17.6,2.43,220.38,10.96,16.0,11.53,0.04114895828412155,0.004314892678855452,0.045463850962977004,27838.75,4.55,9.58
1944-07-01,13.0,0.633333,0.913333,17.7,2.42,224.84,10.95,15.8,11.74,0.020237771122606444,0.004140575369815773,0.024378346492422216,28517.42,2.44,8.92
1944-08-01,12.81,0.636667,0.906667,17.7,2.42,221.55,11.01,15.68,11.54,-0.014632627646326241,0.004080679594378224,-0.010551948051948017,28216.5,-1.06,12.25
1944-09-01,12.6,0.64,0.9,17.7,2.41,217.92,11.07,15.57,11.33,-0.016384563303994692,0.004163845633039945,-0.012220717670954746,27871.67,-1.22,8.73
1944-10-01,12.91,0.64,0.91,17.7,2.4,223.28,11.07,15.74,11.58,0.024596182085168932,0.004233204845814978,0.02882938693098391,28675.2,2.88,12.43
1944-11-01,12.82,0.64,0.92,17.7,2.39,221.73,11.07,15.91,11.48,-0.006941956288068843,0.004131583661769975,-0.002810372626298868,28594.61,-0.28,17.04
1944-12-01,13.1,0.64,0.93,17.8,2.38,225.3,11.01,15.99,11.64,0.01610066296847527,0.004137915482794389,0.02023857845126966,29173.32,2.02,17.33
1945-01-01,13.49,0.643333,0.94,17.8,2.37,232.0,11.06,16.17,11.96,0.029738126941855254,0.004090841840508951,0.0338289687823642,30160.23,3.38,17.0
1945-02-01,13.94,0.646667,0.95,17.8,2.35,239.74,11.12,16.34,12.34,0.03336206896551728,0.0039942528735632185,0.0373563218390805,31286.9,3.74,21.66
1945-03-01,13.93,0.65,0.96,17.8,2.34,239.57,11.18,16.51,12.32,-0.0007091015266539414,0.0038861544450932953,0.0031770529184393537,31386.3,0.32,18.22
1945-04-01,14.28,0.65,0.973333,17.8,2.33,245.59,11.18,16.74,12.63,0.025128354969320074,0.003888912078585243,0.029017267047905318,32297.05,2.9,23.97
1945-05-01,14.82,0.65,0.986667,17.9,2.31,253.45,11.12,16.87,13.04,0.03200456044627218,0.0037732263800100436,0.03577778682628222,33452.56,3.58,25.63
1945-06-01,15.09,0.65,1.0,18.1,2.29,255.22,10.99,16.91,13.13,0.006983625961728192,0.003613467482080621,0.010597093443808813,33807.06,1.06,21.44
1945-07-01,14.78,0.653333,0.996667,18.1,2.28,249.98,11.05,16.86,12.87,-0.020531306323955837,0.0036079983282396887,-0.016923307995716147,33234.94,-1.69,16.54
1945-08-01,14.83,0.656667,0.993333,18.1,2.27,250.82,11.11,16.8,12.92,0.003360268821505734,0.0037036296237032296,0.007063898445208964,33469.71,0.71,18.62
1945-09-01,15.84,0.66,0.99,18.1,2.25,267.9,11.16,16.74,13.8,0.06809664301092411,0.003707838290407464,0.07180448130133157,35872.98,7.18,28.71
1945-10-01,16.5,0.66,0.98,18.1,2.24,279.07,11.16,16.57,14.37,0.041694662187383415,0.0034714445688689816,0.0451661067562524,37493.22,4.52,30.75
1945-11-01,17.04,0.66,0.97,18.1,2.22,288.2,11.16,16.41,14.85,0.03271580607016159,0.0033324972229189813,0.03604830329308057,38844.79,3.6,35.85
1945-12-01,17.33,0.66,0.96,18.2,2.21,291.49,11.1,16.15,15.02,0.011415683553088205,0.0032095766828591256,0.01462526023594733,39412.91,1.46,35.1
1946-01-01,18.02,0.666667,0.94,18.2,2.19,303.1,11.21,15.81,15.62,0.03982983978867204,0.0032047983349914808,0.043034638123663524,41109.03,4.3,36.3
1946-02-01,18.07,0.673333,0.92,18.1,2.19,305.62,11.39,15.56,15.76,0.008314087759815183,0.0031315297481579237,0.011445617507973106,41579.54,1.14,32.9
1946-03-01,17.53,0.68,0.9,18.3,2.2,293.25,11.38,15.06,15.13,-0.04047509979713371,0.0031029819165412386,-0.03737211788059247,40025.63,-3.74,27.53
1946-04-01,18.66,0.68,0.88,18.4,2.21,310.45,11.31,14.64,16.04,0.05865302642796245,0.003213981244671782,0.06186700767263423,42501.89,6.19,31.6
1946-05-01,18.7,0.68,0.86,18.5,2.21,309.44,11.25,14.23,16.01,-0.003253341923014949,0.003019809953293606,-0.00023353196972134308,42491.97,-0.02,27.02
1946-06-01,18.58,0.68,0.84,18.7,2.21,304.16,11.13,13.75,15.77,-0.01706308169596682,0.0029973500517063087,-0.014065731644260511,41894.29,-1.41,23.92
1946-07-01,18.05,0.683333,0.856667,19.8,2.22,279.07,10.57,13.24,14.51,-0.08248947922146249,0.002895953883920743,-0.07959352533754174,38559.77,-7.96,16.02
1946-08-01,17.7,0.686667,0.873333,20.2,2.23,268.24,10.41,13.24,13.98,-0.03880746766044356,0.003108539076217437,-0.035698928584226124,37183.23,-3.57,11.1
1946-09-01,15.09,0.69,0.89,20.4,2.23,226.44,10.35,13.36,11.84,-0.15583059946316735,0.0032154041157172676,-0.15261519534745008,31508.51,-15.26,-12.17
1946-10-01,14.75,0.696667,0.946667,20.8,2.23,217.09,10.25,13.93,11.39,-0.04129129129129127,0.003772154507448625,-0.037519136783842645,30326.33,-3.75,-19.12
1946-11-01,14.69,0.703333,1.00333,21.3,2.24,211.13,10.11,14.42,11.11,-0.027454051315122796,0.0038808788981528394,-0.023573172416969955,29611.45,-2.36,-23.77
1946-12-01,15.13,0.71,1.06,21.5,2.25,215.43,10.11,15.09,11.37,0.020366598778004126,0.003990432434992659,0.024357031212996785,30332.69,2.44,-23.04
1947-01-01,15.21,0.713333,1.13,21.5,2.25,216.57,10.16,16.09,11.47,0.005291742097200883,0.0039301242476287735,0.009221866344829657,30612.42,0.92,-25.53
1947-02-01,15.8,0.716667,1.2,21.5,2.27,224.97,10.2,17.09,11.95,0.03878653553123704,0.003924828000184698,0.042711363531421735,31919.91,4.27,-23.23
1947-03-01,15.16,0.72,1.27,21.9,2.28,211.91,10.06,17.75,11.29,-0.05805218473574256,0.003726422782296899,-0.054325761953445656,30185.84,-5.43,-24.58
1947-04-01,14.6,0.733333,1.32667,21.9,2.3,204.08,10.25,18.54,10.9,-0.036949648435656575,0.004030799238670505,-0.032918849196986066,29192.16,-3.29,-31.32
1947-05-01,14.34,0.746667,1.38333,21.9,2.31,200.45,10.44,19.34,10.73,-0.017787142297138493,0.004263034104272834,-0.01352410819286566,28797.36,-1.35,-32.23
1947-06-01,14.84,0.76,1.44,22.0,2.33,206.5,10.58,20.04,11.08,0.030182090296832186,0.004398436850419889,0.03458052714725207,29793.19,3.46,-28.88
1947-07-01,15.77,0.77,1.47667,22.2,2.34,217.46,10.62,20.36,11.7,0.05307506053268769,0.004285714285714285,0.057360774818401974,31502.15,5.74,-18.3
1947-08-01,15.46,0.78,1.51333,22.5,2.36,210.34,10.61,20.59,11.34,-0.03274165363745059,0.004065881848002698,-0.02867577178944789,30598.8,-2.87,-17.71
1947-09-01,15.06,0.79,1.55,23.0,2.38,200.45,10.51,20.63,10.83,-0.047019111914043996,0.004163893378973725,-0.04285521853507027,29287.48,-4.29,-7.05
1947-10-01,15.45,0.806667,1.57,23.0,2.39,205.64,10.74,20.9,11.13,0.02589174357695185,0.004464953853828885,0.030356697430780732,30176.55,3.04,-0.49
1947-11-01,15.27,0.823333,1.59,23.1,2.41,202.36,10.91,21.07,10.98,-0.01595020424042002,0.004421156713998574,-0.011529047526421445,29828.65,-1.15,0.73
1947-12-01,15.03,0.84,1.61,23.4,2.42,196.63,10.99,21.06,10.68,-0.02831587270211513,0.00452576266719378,-0.023790110034921347,29119.02,-2.38,-4.0
1948-01-01,14.83,0.843333,1.64333,23.7,2.44,191.56,10.89,21.23,10.42,-0.02578446829069823,0.004615267253216702,-0.02116920103748153,28502.59,-2.12,-6.89
1948-02-01,14.1,0.846667,1.67667,23.5,2.43,183.68,11.03,21.84,10.0,-0.04113593652119438,0.004798322544720539,-0.03633761397647384,27466.88,-3.63,-13.95
1948-03-01,14.3,0.85,1.71,23.4,2.42,187.08,11.12,22.37,10.19,0.018510452961672506,0.0050450058072009285,0.023555458768873435,28113.87,2.36,-6.86
1948-04-01,15.4,0.85,1.76,23.8,2.41,198.08,10.93,22.64,10.78,0.05879837502672653,0.004868683629106977,0.06366705865583351,29903.8,6.37,2.44
1948-05-01,16.15,0.85,1.81,23.9,2.4,206.86,10.89,23.18,11.24,0.044325525040387725,0.0045814822294022615,0.048907007269789984,31366.3,4.89,8.92
1948-06-01,16.82,0.85,1.86,24.1,2.39,213.65,10.8,23.63,11.58,0.03282413226336649,0.004350768635792323,0.037174900899158814,32532.34,3.72,9.19
1948-07-01,16.42,0.856667,1.93,24.4,2.38,206.01,10.75,24.21,11.13,-0.03575941961151423,0.00419299477338326,-0.03156642483813097,31505.41,-3.16,0.01
1948-08-01,15.94,0.863333,2.0,24.5,2.36,199.17,10.79,24.99,10.72,-0.033202271734381845,0.00436467485397149,-0.028837596880410356,30596.87,-2.88,-0.01
1948-09-01,15.76,0.87,2.07,24.5,2.35,196.92,10.87,25.86,10.55,-0.011296882060551289,0.004548041036970093,-0.006748841023581196,30390.38,-0.67,3.77
1948-10-01,16.19,0.89,2.14333,24.4,2.34,203.12,11.17,26.89,10.83,0.0314848669510462,0.004726961879612702,0.036211828830658904,31490.87,3.62,4.36
1948-11-01,15.29,0.91,2.21667,24.2,2.33,193.42,11.51,28.04,10.25,-0.04775502166207177,0.004722167520021006,-0.04303285414205076,30135.73,-4.3,1.03
1948-12-01,15.19,0.93,2.29,24.1,2.32,192.95,11.81,29.09,10.16,-0.002429945196980658,0.005088236307861994,0.002658291110881336,30215.84,0.27,3.77
1949-01-01,15.36,0.946667,2.32,24.0,2.31,195.92,12.08,29.59,10.25,0.015392588753563094,0.005217241081454608,0.020609829835017704,30838.58,2.06,8.2
1949-02-01,14.77,0.963333,2.35,23.8,2.31,189.98,12.39,30.23,9.87,-0.03031849734585544,0.005270008166598612,-0.02504848917925683,30066.12,-2.5,9.46
1949-03-01,14.91,0.98,2.38,23.8,2.31,191.78,12.61,30.61,9.9,0.009474681545425894,0.005531283994806471,0.015005965540232365,30517.29,1.5,8.55
1949-04-01,14.89,0.993333,2.38667,23.9,2.31,190.72,12.72,30.57,9.78,-0.00552716654499949,0.005527166544999479,-1.1275702593849246e-17,30517.29,0.0,2.05
1949-05-01,14.78,1.00667,2.39333,23.8,2.31,190.11,12.95,30.78,9.69,-0.003198406040268379,0.005658382270693512,0.002459976230425133,30592.36,0.25,-2.47
1949-06-01,13.97,1.02,2.4,23.9,2.31,178.94,13.06,30.74,9.07,-0.05875545736678773,0.005724755843108375,-0.053030701523679356,28970.03,-5.3,-10.95
1949-07-01,14.76,1.02667,2.39667,23.7,2.31,190.65,13.26,30.96,9.61,0.06544092992064383,0.006175254275176036,0.07161618419581987,31044.75,7.16,-1.46
1949-08-01,15.29,1.03333,2.39333,23.8,2.32,196.67,13.29,30.78,9.85,0.031576186729609136,0.005809074219774456,0.03738526094938359,32205.37,3.74,5.26
1949-09-01,15.49,1.04,2.39,23.9,2.32,198.41,13.32,30.61,9.88,0.008847307672751357,0.005643972136065491,0.014491279808816848,32672.07,1.45,7.51
1949-10-01,15.89,1.07333,2.36667,23.7,2.32,205.25,13.86,30.57,10.17,0.034474068847336344,0.005821279169396704,0.04029534801673305,33988.6,4.03,7.93
1949-11-01,16.11,1.10667,2.34333,23.8,2.32,207.21,14.23,30.14,10.22,0.009549330085261914,0.005777507105156314,0.015326837190418227,34509.54,1.53,14.51
1949-12-01,16.54,1.14,2.32,23.6,2.32,214.55,14.79,30.09,10.53,0.03542300082042374,0.005948072004246898,0.04137107282467064,35937.23,4.14,18.94
1950-01-01,16.88,1.15,2.33667,23.5,2.32,219.89,14.98,30.44,10.75,0.02488930319272885,0.005818379554105492,0.03070768274683434,37040.78,3.07,20.11
1950-02-01,17.21,1.16,2.35333,23.5,2.34,224.19,15.11,30.66,10.91,0.019555232161535367,0.005726348022496096,0.02528158018403146,37977.23,2.53,26.31
1950-03-01,17.35,1.17,2.37,23.6,2.36,225.06,15.18,30.74,10.91,0.003880636959721685,0.0056425353494803515,0.009523172309202037,38338.9,0.95,25.63
1950-04-01,17.84,1.18,2.42667,23.6,2.38,231.41,15.31,31.48,11.18,0.028214698302674816,0.005668858674723777,0.033883556977398595,39637.95,3.39,29.89
1950-05-01,18.44,1.19,2.48333,23.7,2.4,238.19,15.37,32.08,11.46,0.02929864742232402,0.00553490917995477,0.03483355660227879,41018.68,3.48,34.08
1950-06-01,18.74,1.2,2.54,23.8,2.42,241.04,15.43,32.67,11.55,0.01196523783534151,0.005398351456120464,0.017363589291461975,41730.92,1.74,44.05
1950-07-01,17.38,1.24333,2.6,24.1,2.44,220.77,15.79,33.03,10.54,-0.08409392631928303,0.005458983294612235,-0.07863494302467079,38449.41,-7.86,23.85
1950-08-01,18.43,1.28667,2.66,24.3,2.47,232.18,16.21,33.51,11.04,0.051682746750011305,0.0061187359393637415,0.057801482689375044,40671.84,5.78,26.29
1950-09-01,19.08,1.33,2.72,24.4,2.49,239.38,16.69,34.13,11.34,0.03101042294771293,0.00599032359950613,0.03700074654721906,42176.73,3.7,29.09
1950-10-01,19.87,1.37667,2.76,24.6,2.51,247.27,17.13,34.35,11.66,0.03296014704653695,0.005963321914946946,0.038923468961483895,43818.39,3.89,28.92
1950-11-01,19.83,1.42333,2.8,24.7,2.53,245.77,17.64,34.7,11.54,-0.0060662433776843125,0.005944918510130626,-0.00012132486755368679,43813.08,-0.01,26.96
1950-12-01,19.75,1.47,2.84,25.0,2.55,241.84,18.0,34.78,11.31,-0.015990560279936554,0.006103267282418521,-0.009887292997518032,43379.88,-0.99,20.71
1951-01-01,21.21,1.48667,2.83667,25.4,2.57,255.63,17.92,34.19,11.9,0.05702117102216338,0.006174881464329033,0.0631960524864924,46121.32,6.32,24.51
1951-02-01,22.0,1.50333,2.83333,25.7,2.58,262.05,17.91,33.75,12.14,0.025114423189766522,0.005838516606032156,0.03095293979579868,47548.91,3.1,25.2
1951-03-01,21.63,1.52,2.83,25.8,2.59,256.65,18.04,33.58,11.84,-0.020606754436176433,0.005736818673281179,-0.014869935762895255,46841.86,-1.49,22.18
1951-04-01,21.92,1.53333,2.79333,25.8,2.6,260.09,18.19,33.14,11.95,0.013403467757646594,0.0059062276771218915,0.019309695434768487,47746.37,1.93,20.46
1951-05-01,21.93,1.54667,2.75667,25.9,2.61,259.2,18.28,32.58,11.86,-0.0034218924218539213,0.005856946954259424,0.002435054532405503,47862.63,0.24,16.68
1951-06-01,21.55,1.56,2.72,25.9,2.62,254.71,18.44,32.15,11.62,-0.017322530864197456,0.005928497942386832,-0.011394032921810623,47317.28,-1.14,13.39
1951-07-01,21.93,1.54667,2.65,25.9,2.62,259.2,18.28,31.32,11.78,0.017627890542185155,0.005980657741483779,0.023608548283668936,48434.37,2.36,25.97
1951-08-01,22.89,1.53333,2.58,25.9,2.63,270.55,18.12,30.49,12.26,0.04378858024691367,0.005825617283950617,0.04961419753086429,50837.41,4.96,24.99
1951-09-01,23.48,1.52,2.51,26.1,2.64,275.4,17.83,29.44,12.44,0.017926446128257126,0.005491899217643072,0.023418345345900198,52027.93,2.34,23.36
1951-10-01,23.36,1.48333,2.48667,26.2,2.65,272.94,17.33,29.05,12.31,-0.00893246187363827,0.0052438876785282015,-0.0036885741951100687,51836.03,-0.37,18.3
1951-11-01,22.71,1.44667,2.46333,26.4,2.66,263.34,16.78,28.56,11.85,-0.03517256539898887,0.0051232261058596525,-0.03004933929312922,50278.39,-3.0,14.76
1951-12-01,23.41,1.41,2.44,26.5,2.67,270.43,16.29,28.19,12.15,0.02692336902863231,0.005154932786511734,0.032078301815144046,51891.23,3.21,19.62
1952-01-01,24.19,1.41333,2.42667,26.5,2.68,279.44,16.33,28.03,12.53,0.03331730947010313,0.005032109356703521,0.038349418826806654,53881.23,3.83,16.82
1952-02-01,23.75,1.41667,2.41333,26.3,2.69,276.45,16.49,28.09,12.36,-0.01069997137131409,0.0049175732417215375,-0.005782398129592552,53569.67,-0.58,12.66
1952-03-01,23.81,1.42,2.4,26.3,2.71,277.14,16.53,27.94,12.36,0.002495930548019525,0.004982817869415808,0.007478748417435333,53970.3,0.75,15.22
1952-04-01,23.74,1.43,2.38,26.4,2.72,275.28,16.58,27.6,12.24,-0.006711409395973204,0.004985446585359986,-0.0017259628106132173,53877.15,-0.17,12.84
1952-05-01,23.73,1.44,2.36,26.4,2.73,275.17,16.7,27.37,12.2,-0.00039959314152846853,0.005055458684490943,0.004655865542962474,54128.0,0.47,13.09
1952-06-01,24.38,1.45,2.34,26.5,2.74,281.64,16.75,27.03,12.45,0.023512737580404734,0.005072621773206865,0.0285853593536116,55675.27,2.86,17.66
1952-07-01,25.08,1.45,2.34667,26.7,2.75,287.55,16.62,26.91,12.67,0.0209842351938646,0.004917625337310041,0.025901860531174638,57117.36,2.59,17.93
1952-08-01,25.18,1.45,2.35333,26.7,2.77,288.7,16.62,26.98,12.68,0.003999304468787958,0.004816553642844722,0.00881585811163268,57620.9,0.88,13.34
1952-09-01,24.78,1.45,2.36,26.7,2.78,284.11,16.62,27.06,12.43,-0.015898856944925443,0.0047973675095254594,-0.011101489435399983,56981.22,-1.11,9.52
1952-10-01,24.26,1.43667,2.37333,26.7,2.79,278.15,16.47,27.21,12.13,-0.02097779029249247,0.004830875365175459,-0.016146914927317013,56061.15,-1.61,8.15
1952-11-01,25.03,1.42333,2.38667,26.7,2.81,286.98,16.32,27.36,12.47,0.03174546108215007,0.00488944813949308,0.03663490922164315,58114.94,3.66,15.59
1952-12-01,26.04,1.41,2.4,26.7,2.82,298.56,16.17,27.52,12.93,0.0403512439891281,0.004695449160220224,0.045046693149348324,60732.83,4.5,17.04
1953-01-01,26.18,1.41,2.41,26.6,2.83,301.29,16.23,27.74,13.01,0.009143890675241219,0.0045300777063236874,0.013673968381564906,61563.29,1.37,14.26
1953-02-01,25.86,1.41,2.42,26.5,2.8,298.73,16.29,27.96,12.86,-0.008496797105778492,0.004505625809021209,-0.003991171296757284,61317.58,-0.4,14.46
1953-03-01,25.99,1.41,2.43,26.6,2.77,299.11,16.23,27.97,12.83,0.001272051685468468,0.004527499748937167,0.005799551434405636,61673.19,0.58,14.27
1953-04-01,24.71,1.41333,2.45667,26.6,2.83,284.38,16.27,28.27,12.16,-0.04924609675370271,0.004532892024115988,-0.04471320472958672,58915.59,-4.47,9.35
1953-05-01,24.84,1.41667,2.48333,26.7,3.05,284.8,16.24,28.47,12.14,0.0014768971095014275,0.004758890686171085,0.006235787795672513,59282.97,0.62,9.52
1953-06-01,23.95,1.42,2.51,26.8,3.11,273.57,16.22,28.67,11.62,-0.03943117977528096,0.004746020599250935,-0.034685159176030024,57226.73,-3.47,2.79
1953-07-01,24.29,1.42,2.52333,26.8,2.93,277.46,16.22,28.82,11.75,0.014219395401542517,0.004940843903449452,0.019160239304991968,58323.21,1.92,2.11
1953-08-01,24.39,1.42,2.53667,26.9,2.95,277.56,16.16,28.87,11.72,0.0003604123116846491,0.004853552464018838,0.005213964775703487,58627.31,0.52,1.75
1953-09-01,23.27,1.42,2.55,26.9,2.87,264.82,16.16,29.02,11.14,-0.04589998558870158,0.004851803814190325,-0.04104818177451125,56220.76,-4.1,-1.33
1953-10-01,23.97,1.43,2.53667,27.0,2.66,271.77,16.21,28.76,11.39,0.026244241371497577,0.005100949072325857,0.03134519044382343,57983.01,3.13,3.43
1953-11-01,24.5,1.44,2.52333,26.9,2.68,278.82,16.39,28.72,11.64,0.025941053096368297,0.005025695747629737,0.030966748843998033,59778.56,3.1,2.86
1953-12-01,24.83,1.45,2.51,26.9,2.59,282.57,16.5,28.56,11.75,0.013449537335915645,0.00493149702316907,0.018381034359084714,60877.35,1.84,0.24
1954-01-01,25.46,1.45667,2.52333,26.9,2.48,289.74,16.58,28.72,12.0,0.025374243550270785,0.004889643864057284,0.030263887414328068,62719.73,3.03,1.88
1954-02-01,26.02,1.46333,2.53667,26.9,2.47,296.11,16.65,28.87,12.22,0.021985228135569836,0.004788776144129219,0.026774004279699053,64398.99,2.68,5.03
1954-03-01,26.57,1.47,2.55,26.9,2.37,302.37,16.73,29.02,12.42,0.021140792273141706,0.004708272826539687,0.025849065099681393,66063.65,2.58,7.12
1954-04-01,27.63,1.46333,2.57333,26.8,2.29,315.61,16.72,29.39,12.91,0.04378741277243116,0.004608040921167223,0.04839545369359838,69260.83,4.84,17.56
1954-05-01,28.73,1.45667,2.59667,26.9,2.37,326.95,16.58,29.55,13.31,0.035930420455625535,0.004377765808011997,0.04030818626363753,72052.6,4.03,21.54
1954-06-01,28.96,1.45,2.62,26.9,2.38,329.57,16.5,29.82,13.36,0.008013457715246993,0.004205536014681144,0.012218993729928136,72933.01,1.22,27.45
1954-07-01,30.13,1.45667,2.62333,26.9,2.3,342.89,16.58,29.85,13.83,0.04041630002730829,0.004192331421751575,0.04460863144905987,76186.46,4.46,30.63
1954-08-01,30.73,1.46333,2.62667,26.9,2.36,349.71,16.65,29.89,14.04,0.01988976056461254,0.004046487211642217,0.023936247776254756,78010.07,2.39,33.06
1954-09-01,31.45,1.47,2.63,26.8,2.38,359.24,16.79,30.04,14.36,0.027251150953647395,0.0040009341073079605,0.03125208506095536,80448.05,3.13,43.09
1954-10-01,32.18,1.49333,2.67667,26.8,2.43,367.58,17.06,30.57,14.62,0.02321567754147638,0.003957428645659355,0.027173106187135736,82634.08,2.72,42.51
1954-11-01,33.44,1.51667,2.72333,26.8,2.48,381.97,17.32,31.11,15.12,0.03914794058436271,0.003926582875383137,0.04307452345974585,86193.5,4.31,44.19
1954-12-01,34.97,1.54,2.77,26.7,2.51,400.95,17.66,31.76,15.79,0.049689766212006076,0.0038528331195294566,0.05354259933153553,90808.52,5.35,49.17
1955-01-01,35.6,1.54667,2.83333,26.7,2.61,408.17,17.73,32.49,15.99,0.018007232822047706,0.003684998129442574,0.02169223095149028,92778.36,2.17,47.93
1955-02-01,36.79,1.55333,2.89667,26.7,2.65,421.81,17.81,33.21,16.44,0.03341744861209787,0.0036361483368857746,0.03705359694898364,96216.13,3.71,49.41
1955-03-01,36.5,1.56,2.96,26.7,2.68,418.49,17.89,33.94,16.22,-0.007870842322372616,0.0035343717155433335,-0.004336470606829282,95798.9,-0.43,45.01
1955-04-01,37.76,1.56333,3.04667,26.7,2.75,432.94,17.92,34.93,16.69,0.034528901526918176,0.0035683847483412587,0.038097286275259434,99448.57,3.81,43.59
1955-05-01,37.6,1.56667,3.13333,26.7,2.76,431.1,17.96,35.93,16.52,-0.004250011548944369,0.003456984031659507,-0.000793027517284862,99369.71,-0.08,37.91
1955-06-01,39.78,1.57,3.22,26.7,2.78,456.1,18.0,36.92,17.37,0.05799118533982834,0.0034794711203897004,0.06147065646021804,105478.03,6.15,44.62
1955-07-01,42.69,1.58667,3.29333,26.8,2.9,487.63,18.12,37.62,18.45,0.06912957684718257,0.003310677483008112,0.07244025433019069,113118.88,7.24,48.48
1955-08-01,42.43,1.60333,3.36667,26.8,2.97,484.66,18.31,38.46,18.22,-0.006090683510038288,0.003129080108552249,-0.002961603401486039,112783.87,-0.3,44.58
1955-09-01,44.34,1.62,3.44,26.9,2.97,504.6,18.44,39.15,18.84,0.04114224404737341,0.0031706075736942737,0.044312851621067684,117781.65,4.43,46.41
1955-10-01,42.11,1.62667,3.5,26.9,2.88,479.22,18.51,39.83,17.77,-0.05029726516052318,0.00305687673404677,-0.04724038842647641,112217.6,-4.72,35.8
1955-11-01,44.95,1.63333,3.56,26.9,2.89,511.54,18.59,40.51,18.84,0.06744292809148197,0.00323268366651364,0.07067561175799561,120148.64,7.07,39.39
1955-12-01,45.37,1.64,3.62,26.8,2.96,518.25,18.73,41.35,18.94,0.01311725378269535,0.0030512439561585277,0.016168497738853878,122091.27,1.62,34.45
1956-01-01,44.15,1.67,3.64333,26.8,2.9,504.31,19.08,41.62,18.29,-0.02689821514712976,0.0030680173661360344,-0.023830197780993725,119181.81,-2.38,28.46
1956-02-01,44.43,1.7,3.66667,26.8,2.84,507.51,19.42,41.88,18.27,0.006345303483968172,0.003209005043194332,0.009554308527162504,120320.51,0.96,25.05
1956-03-01,47.49,1.73,3.69,26.8,2.96,542.46,19.76,42.15,19.37,0.06886563811550521,0.0032445994496003365,0.07211023756510554,128996.85,7.21,34.65
1956-04-01,48.05,1.75333,3.66,26.9,3.18,546.82,19.95,41.65,19.37,0.008037458983150857,0.0030647421008000585,0.011102201083950915,130429.0,1.11,31.15
1956-05-01,46.54,1.77667,3.63,27.0,3.07,527.67,20.14,41.16,18.54,-0.035020664935445096,0.0030692610609219365,-0.03195140387452316,126261.61,-3.2,27.06
1956-06-01,46.27,1.8,3.6,27.2,3.0,520.75,20.26,40.52,18.16,-0.013114257016695965,0.003199600760576371,-0.009914656256119593,125009.77,-0.99,18.52
1956-07-01,48.78,1.81333,3.55333,27.4,3.11,545.0,20.26,39.7,18.86,0.04656745079212674,0.0032421187389982398,0.04980956953112498,131236.45,4.98,16.02
1956-08-01,48.49,1.82667,3.50667,27.3,3.33,543.74,20.48,39.32,18.67,-0.0023119266055045703,0.0031314984709480123,0.000819571865443442,131344.01,0.08,16.46
1956-09-01,46.84,1.84,3.46,27.4,3.38,523.32,20.56,38.66,17.84,-0.03755471364990613,0.0031510158041220676,-0.034403697845784065,126825.29,-3.44,7.68
1956-10-01,46.24,1.80667,3.44333,27.5,3.34,514.74,20.11,38.33,17.42,-0.016395322173813422,0.003202310886901577,-0.013193011286911846,125152.08,-1.32,11.53
1956-11-01,45.76,1.77333,3.42667,27.5,3.49,509.4,19.74,38.15,17.12,-0.010374169483622861,0.003195788164898783,-0.007178381318724078,124253.69,-0.72,3.42
1956-12-01,46.44,1.74,3.41,27.6,3.59,515.09,19.3,37.82,17.2,0.011170003926187779,0.0031573092527156133,0.014327313178903392,126033.91,1.43,3.23
1957-01-01,45.43,1.73667,3.40667,27.6,3.46,503.89,19.26,37.79,16.72,-0.021743772932885604,0.0031159603176143975,-0.018627812615271206,123686.18,-1.86,3.78
1957-02-01,43.47,1.73333,3.40333,27.7,3.34,480.41,19.16,37.61,15.84,-0.04659747167040418,0.0031686809951907494,-0.04342879067521343,118314.63,-4.34,-1.67
1957-03-01,44.03,1.73,3.4,27.8,3.41,484.85,19.05,37.44,15.9,0.009242105701380066,0.003304469099311005,0.01254657480069107,119799.08,1.25,-7.13
1957-04-01,45.05,1.73,3.40667,27.9,3.48,494.3,18.98,37.38,16.12,0.019490564091987187,0.0032621773056959198,0.02275274139768311,122524.84,2.28,-6.06
1957-05-01,46.78,1.73,3.41333,28.0,3.6,511.45,18.91,37.32,16.6,0.03469552903095281,0.0031880099804437252,0.03788353901139654,127166.51,3.79,0.72
1957-06-01,47.55,1.73,3.42,28.1,3.8,518.02,18.85,37.26,16.73,0.012845830481963033,0.0030713331378108,0.015917163619773834,129190.64,1.59,3.34
1957-07-01,48.51,1.74,3.43667,28.3,3.93,524.74,18.82,37.18,16.87,0.012972472105324172,0.0030275536337078363,0.016000025739032007,131257.69,1.6,0.02
1957-08-01,45.84,1.75,3.45333,28.3,3.93,495.86,18.93,37.36,15.87,-0.05503678011967831,0.0030062507146396307,-0.052030529405038675,124428.29,-5.2,-5.27
1957-09-01,43.98,1.76,3.47,28.3,3.92,475.74,19.04,37.54,15.16,-0.04057596902351471,0.0031998279084150096,-0.037376141115099695,119777.64,-3.74,-5.56
1957-10-01,41.24,1.77,3.43667,28.3,3.97,446.1,19.15,37.18,14.15,-0.06230293857989655,0.003354423284427068,-0.05894851529546948,112716.92,-5.89,-9.94
1957-11-01,40.35,1.78,3.40333,28.4,3.72,434.94,19.19,36.68,13.74,-0.025016812373907252,0.0035847717253231714,-0.02143204064858408,110301.17,-2.14,-11.23
1957-12-01,40.33,1.79,3.37,28.4,3.21,434.72,19.29,36.33,13.67,-0.0005058168942842011,0.0036959120798271024,0.0031900951855429014,110653.04,0.32,-12.2
1958-01-01,41.12,1.78333,3.29333,28.6,3.09,440.14,19.09,35.25,13.79,0.01246779536253211,0.0036594436265488897,0.016127238989081,112437.57,1.61,-9.09
1958-02-01,41.26,1.77667,3.21667,28.6,3.05,441.64,19.02,34.43,13.78,0.0034080065433725634,0.0036011269141636754,0.007009133457536239,113225.66,0.7,-4.3
1958-03-01,42.11,1.77,3.14,28.8,2.98,447.61,18.81,33.38,13.93,0.013517797300969176,0.0035492708993750564,0.017067068200344232,115158.09,1.71,-3.87
1958-04-01,42.34,1.75667,3.07,28.9,2.88,448.49,18.61,32.52,13.91,0.001965997185049475,0.0034646976906980032,0.005430694875747478,115783.48,0.54,-5.5
1958-05-01,43.7,1.74333,3.0,28.9,2.92,462.9,18.47,31.78,14.32,0.032130036344177056,0.00343188625536058,0.03556192259953764,119900.96,3.56,-5.71
1958-06-01,44.75,1.73,2.93,28.9,2.97,474.02,18.33,31.04,14.64,0.024022467055519563,0.0032998487794340028,0.027322315834953564,123176.93,2.73,-4.65
1958-07-01,45.98,1.73,2.91333,29.0,3.2,485.37,18.26,30.75,14.96,0.023944137378169746,0.0032101317806562312,0.02715426915882598,126521.71,2.72,-3.61
1958-08-01,47.7,1.73,2.89667,28.9,3.54,505.27,18.33,30.68,15.54,0.04099964975173574,0.0031470836681294677,0.04414673341986521,132107.23,4.41,6.17
1958-09-01,48.96,1.73,2.88,28.9,3.76,518.62,18.33,30.51,15.93,0.026421517208621178,0.0030231361450313693,0.029444653353652546,135997.08,2.94,13.54
1958-10-01,50.95,1.73667,2.88333,28.9,3.8,539.7,18.4,30.54,16.56,0.04064633064671636,0.002956564215289293,0.04360289486200566,141926.95,4.36,25.91
1958-11-01,52.5,1.74333,2.88667,29.0,3.74,554.2,18.4,30.47,16.99,0.026866777839540484,0.0028410845531468094,0.029707862392687294,146143.3,2.97,32.49
1958-12-01,53.49,1.75,2.89,28.9,3.86,566.6,18.54,30.61,17.36,0.02237459400938285,0.0027878022374594005,0.02516239624684225,149820.61,2.52,35.4
1959-01-01,55.62,1.75667,2.96333,29.0,4.02,587.13,18.54,31.28,17.98,0.036233674549947005,0.002726791387222026,0.03896046593716903,155657.69,3.9,38.44
1959-02-01,54.77,1.76333,3.03667,28.9,3.96,580.16,18.68,32.17,17.76,-0.011871306184320385,0.002651315154508655,-0.00921999102981173,154222.53,-0.92,36.21
1959-03-01,56.16,1.77,3.11,28.9,3.99,594.88,18.75,32.94,18.2,0.02537231108659685,0.002693222559293988,0.028065533645890837,158550.87,2.81,37.68
1959-04-01,57.1,1.77667,3.20667,29.0,4.12,602.75,18.75,33.85,18.43,0.013229558902635833,0.002626580150618612,0.015856139053254444,161064.87,1.59,39.11
1959-05-01,57.96,1.78333,3.30333,29.0,4.31,611.83,18.83,34.87,18.69,0.015064288676897622,0.0026033457763030552,0.017667634453200676,163910.51,1.77,36.7
1959-06-01,57.46,1.79,3.4,29.1,4.34,604.47,18.83,35.77,18.45,-0.01202948531454818,0.002564710240862113,-0.009464775073686068,162359.13,-0.95,31.81
1959-07-01,59.74,1.79667,3.41,29.2,4.4,626.3,18.84,35.75,19.09,0.03611428193293286,0.002597316657567787,0.03871159859050065,168644.31,3.87,33.29
1959-08-01,59.4,1.80333,3.42,29.2,4.43,622.74,18.91,35.85,18.96,-0.005684176912022905,0.0025160998456543724,-0.0031680770663685327,168110.04,-0.32,27.25
1959-09-01,57.05,1.81,3.43,29.3,4.68,596.06,18.91,35.84,18.12,-0.04284291999871546,0.002530483561893139,-0.04031243643682232,161333.11,-4.03,18.63
1959-10-01,57.0,1.81667,3.41667,29.4,4.53,593.51,18.92,35.58,18.02,-0.004278092809448637,0.0026451475802212313,-0.001632945229227406,161069.66,-0.16,13.49
1959-11-01,57.23,1.82333,3.40333,29.4,4.53,595.91,18.99,35.44,18.07,0.004043739785344775,0.002666340920961736,0.00671008070630651,162150.45,0.67,10.95
1959-12-01,59.06,1.83,3.39,29.4,4.69,614.96,19.05,35.3,18.62,0.03196791461797934,0.0026639928848316025,0.03463190750281094,167766.03,3.46,11.98
1960-01-01,58.03,1.86667,3.39,29.3,4.72,606.3,19.5,35.42,18.34,-0.014082216729543517,0.0026424482893196303,-0.011439768440223888,165846.83,-1.14,6.55
1960-02-01,55.78,1.90333,3.39,29.4,4.49,580.81,19.82,35.3,17.55,-0.04204189345208644,0.002724173951289241,-0.0393177195007972,159326.11,-3.93,3.31
1960-03-01,55.02,1.94,3.39,29.4,4.25,572.9,20.2,35.3,17.29,-0.013618911520118402,0.002898251292734859,-0.010720660227383542,157618.03,-1.07,-0.59
1960-04-01,55.73,1.94333,3.34667,29.5,4.28,578.32,20.17,34.73,17.43,0.009460638854948635,0.0029339035317391053,0.01239454238668774,159571.63,1.24,-0.93
1960-05-01,55.22,1.94667,3.30333,29.5,4.35,573.03,20.2,34.28,17.26,-0.009147184949509056,0.002910729930373034,-0.006236455019136021,158576.47,-0.62,-3.25
1960-06-01,57.26,1.95,3.26,29.6,4.15,592.19,20.17,33.72,17.82,0.03343629478386835,0.0029332379340232333,0.03636953271789158,164343.82,3.64,1.22
1960-07-01,55.84,1.95,3.26333,29.6,3.9,577.51,20.17,33.75,17.38,-0.024789341258717748,0.002838334543530511,-0.021951006715187238,160736.31,-2.2,-4.69
1960-08-01,56.51,1.95,3.26667,29.6,3.8,584.43,20.17,33.78,17.58,0.011982476493913454,0.002910483512551009,0.014892960006464463,163130.15,1.49,-2.96
1960-09-01,54.81,1.95,3.27,29.6,3.8,566.85,20.17,33.82,17.05,-0.030080591345413358,0.0028760216507252084,-0.02720456969468815,158692.26,-2.72,-1.64
1960-10-01,53.73,1.95,3.27,29.8,3.89,551.95,20.03,33.59,16.61,-0.026285613477992374,0.002944635559083826,-0.02334097791890855,154988.23,-2.33,-3.78
1960-11-01,55.47,1.95,3.27,29.8,3.93,569.83,20.03,33.59,17.15,0.0323942386085696,0.003024126581514026,0.03541836519008363,160477.66,3.54,-1.03
1960-12-01,56.8,1.95,3.27,29.8,3.84,583.49,20.03,33.59,17.56,0.02397206184300575,0.002929236204950014,0.026901298047955765,164794.72,2.69,-1.77
1961-01-01,59.72,1.94667,3.21,29.8,3.84,613.49,20.0,32.98,18.47,0.051414762892251796,0.002856375716236211,0.054271138608488007,173738.31,5.43,4.76
1961-02-01,62.17,1.94333,3.15,29.8,3.78,638.66,19.96,32.36,19.23,0.04102756361146874,0.0027112639706162013,0.043738827582084944,181337.42,4.37,13.82
1961-03-01,64.12,1.94,3.09,29.8,3.74,658.69,19.93,31.74,19.84,0.03136254031879261,0.0026004968736625645,0.03396303719245518,187496.19,3.4,18.96
1961-04-01,65.83,1.94,3.07,29.8,3.78,676.25,19.93,31.54,20.38,0.0266589746314654,0.00252141877565066,0.02918039340711606,192967.41,2.92,20.93
1961-05-01,66.5,1.94,3.05,29.8,3.71,683.14,19.93,31.33,20.6,0.010188539741219943,0.002455945779420826,0.012644485520640769,195407.38,1.26,23.23
1961-06-01,65.62,1.94,3.03,29.8,3.88,674.1,19.93,31.13,20.33,-0.013233012266885212,0.0024311756496960117,-0.010801836617189201,193296.62,-1.08,17.62
1961-07-01,65.44,1.94667,3.03667,30.0,3.92,667.77,19.86,30.99,20.15,-0.009390298175344964,0.002455125352321614,-0.006935172823023351,191956.08,-0.69,19.42
1961-08-01,67.79,1.95333,3.04333,29.9,4.04,694.06,20.0,31.16,20.94,0.039369842909983924,0.002495869336248509,0.04186571224623243,199992.45,4.19,22.6
1961-09-01,67.26,1.96,3.05,30.0,3.98,686.34,20.0,31.12,20.71,-0.011122957669365637,0.002401329375942522,-0.008721628293423114,198248.19,-0.87,24.93
1961-10-01,68.0,1.98,3.09667,30.0,3.92,693.89,20.2,31.6,20.92,0.011000378820992444,0.002452623092539169,0.013453001913531614,200915.23,1.35,29.63
1961-11-01,71.08,2.0,3.14333,30.0,3.94,725.32,20.41,32.08,21.86,0.04529536381847276,0.0024511570037517956,0.04774652082222455,210508.23,4.77,31.18
1961-12-01,71.74,2.02,3.19,30.0,4.06,732.05,20.61,32.55,22.04,0.009278663210720652,0.0023679203661832017,0.011646583576903853,212959.93,1.16,29.23
1962-01-01,69.07,2.02667,3.25,30.0,4.08,704.81,20.68,33.16,21.2,-0.037210573048289064,0.0023541197094916104,-0.03485645333879745,205536.9,-3.49,18.3
1962-02-01,70.22,2.03333,3.31,30.1,4.04,714.16,20.68,33.66,21.45,0.013265986577943025,0.0024451034084836103,0.015711089986426636,208766.11,1.57,15.13
1962-03-01,70.29,2.04,3.37,30.1,3.93,714.87,20.75,34.27,21.44,0.000994174974795615,0.002421259475000934,0.0034154344497965487,209479.14,0.34,11.72
1962-04-01,68.05,2.04667,3.40333,30.2,3.84,689.8,20.75,34.5,20.66,-0.035069313301719265,0.002418854710180406,-0.03265045859153886,202639.55,-3.27,5.01
1962-05-01,62.99,2.05333,3.43667,30.2,3.87,638.51,20.81,34.84,19.09,-0.0743548854740504,0.002514013723784672,-0.07184087175026574,188081.75,-7.18,-3.75
1962-06-01,55.63,2.06,3.47,30.2,3.91,563.9,20.88,35.17,16.83,-0.11685016679456862,0.002725094360307591,-0.11412507243426104,166616.91,-11.41,-13.8
1962-07-01,56.97,2.06667,3.49,30.3,4.01,575.58,20.88,35.26,17.14,0.020712892356800964,0.003085653484660401,0.023798545841461363,170582.15,2.38,-11.13
1962-08-01,58.52,2.07333,3.51,30.3,3.98,591.24,20.95,35.46,17.57,0.02720733868445736,0.003033172336310041,0.0302405110207674,175740.64,3.02,-12.13
1962-09-01,58.0,2.08,3.53,30.4,3.98,584.06,20.95,35.55,17.32,-0.012143968608348663,0.0029528335926752814,-0.009191135015673382,174125.38,-0.92,-12.17
1962-10-01,56.17,2.09667,3.57667,30.4,3.93,565.63,21.11,36.02,16.74,-0.031554977228366865,0.0030119622413222386,-0.028543014987044625,169155.32,-2.85,-15.81
1962-11-01,60.04,2.11333,3.62333,30.4,3.92,604.6,21.28,36.49,17.85,0.06889662853809032,0.0031351472399507338,0.07203177577804105,181339.88,7.2,-13.86
1962-12-01,62.64,2.13,3.67,30.4,3.86,630.78,21.45,36.96,18.59,0.04330135626860726,0.0029565001653986105,0.04625785643400587,189728.27,4.63,-10.91
1963-01-01,65.06,2.13667,3.68333,30.4,3.83,655.15,21.52,37.09,19.26,0.0386347062367228,0.002843040891171777,0.04147774712789458,197597.77,4.15,-3.86
1963-02-01,65.92,2.14333,3.69667,30.4,3.92,663.81,21.58,37.23,19.47,0.013218346943448017,0.0027449184665089416,0.015963265409956958,200752.08,1.6,-3.84
1963-03-01,65.67,2.15,3.71,30.5,3.93,659.13,21.58,37.24,19.29,-0.007050210150494796,0.0027091085300512694,-0.004341101620443526,199880.59,-0.43,-4.58
1963-04-01,68.76,2.16667,3.75333,30.5,3.97,690.14,21.75,37.67,20.15,0.04704686480663904,0.0027498369062248723,0.04979670171286391,209833.99,4.98,3.55
1963-05-01,70.14,2.18333,3.79667,30.5,3.93,703.99,21.91,38.11,20.51,0.020068391920479937,0.002645598477603578,0.022713990398083514,214600.15,2.27,14.1
1963-06-01,70.11,2.2,3.84,30.6,3.99,701.39,22.01,38.42,20.38,-0.003693234278896039,0.002605387387131446,-0.0010878468917645931,214366.7,-0.11,28.66
1963-07-01,69.07,2.20333,3.88,30.7,4.02,688.74,21.97,38.69,19.97,-0.018035614993085126,0.0026102928945855135,-0.015425322098499613,211060.02,-1.54,23.73
1963-08-01,70.98,2.20667,3.92,30.7,4.0,707.78,22.0,39.09,20.47,0.027644684496326573,0.0026618656290230466,0.03030655012534962,217456.53,3.03,23.74
1963-09-01,72.85,2.21,3.96,30.7,4.08,726.43,22.04,39.49,20.96,0.026349995761394754,0.0025949683046521048,0.02894496406604686,223750.8,2.89,28.5
1963-10-01,73.03,2.23333,3.98,30.8,4.11,725.86,22.2,39.56,20.89,-0.0007846592238755784,0.0025467009897718984,0.00176204176589632,224145.06,0.18,32.51
1963-11-01,72.62,2.25667,4.0,30.8,4.12,721.79,22.43,39.76,20.72,-0.005607141873088543,0.002575106310675153,-0.00303203556241339,223465.44,-0.3,23.23
1963-12-01,74.17,2.28,4.02,30.9,4.13,734.81,22.59,39.83,21.04,0.01803848764876208,0.002608099308663185,0.020646586957425266,228079.24,2.06,20.21
1964-01-01,76.45,2.29667,4.07333,30.9,4.17,757.39,22.75,40.35,21.63,0.030729031994665347,0.002580032026419528,0.033309064021084876,235676.34,3.33,19.27
1964-02-01,77.39,2.31333,4.12667,30.9,4.15,766.71,22.92,40.88,21.83,0.012305417288319163,0.0025218183498593857,0.01482723563817855,239170.77,1.48,19.14
1964-03-01,78.8,2.33,4.18,30.9,4.22,780.67,23.08,41.41,22.17,0.018207666523196414,0.0025085538643467974,0.020716220387543213,244125.49,2.07,22.14
1964-04-01,79.94,2.34667,4.23,30.9,4.23,791.97,23.25,41.91,22.42,0.0144747460514687,0.002481842519886764,0.016956588571355465,248265.02,1.7,18.31
1964-05-01,80.72,2.36333,4.28,30.9,4.2,799.7,23.41,42.4,22.57,0.00976047072490122,0.0024632667062304547,0.012223737431131674,251299.75,1.22,17.1
1964-06-01,80.24,2.38,4.33,31.0,4.17,792.38,23.5,42.76,22.3,-0.009153432537201512,0.0024488349797840855,-0.006704597557417426,249614.89,-0.67,16.44
1964-07-01,83.22,2.4,4.37667,31.1,4.19,819.16,23.62,43.08,22.98,0.03379691562129278,0.0024840775049008476,0.03628099312619362,258671.16,3.63,22.56
1964-08-01,82.0,2.42,4.42333,31.0,4.19,809.76,23.9,43.68,22.65,-0.011475169686019799,0.0024313524423393066,-0.009043817243680492,256331.79,-0.9,17.88
1964-09-01,83.41,2.44,4.47,31.1,4.2,821.03,24.02,44.0,22.89,0.013917704011064985,0.0024719258381084106,0.016389629849173394,260532.97,1.64,16.44
1964-10-01,84.85,2.46,4.49667,31.1,4.19,835.21,24.21,44.26,23.21,0.017270988879821765,0.0024572792711593976,0.019728268150981162,265672.83,1.97,18.53
1964-11-01,85.44,2.48,4.52333,31.2,4.15,838.32,24.33,44.38,23.23,0.0037236144203254434,0.0024275331952443094,0.006151147615569752,267307.03,0.62,19.62
1964-12-01,83.96,2.5,4.55,31.2,4.18,823.8,24.53,44.64,22.75,-0.01732035499570581,0.0024384085631580623,-0.014881946432547748,263328.98,-1.49,15.46
1965-01-01,86.12,2.51667,4.59333,31.2,4.19,844.99,24.69,45.07,23.27,0.025722262685117816,0.002497572226268512,0.028219834911386327,270760.08,2.82,14.89
1965-02-01,86.75,2.53333,4.63667,31.2,4.21,851.17,24.86,45.49,23.37,0.007313696020071184,0.0024517055428663853,0.00976540156293757,273404.16,0.98,14.31
1965-03-01,86.83,2.55,4.68,31.3,4.21,849.23,24.94,45.77,23.25,-0.002279215667845367,0.002441737059968436,0.00016252139212306893,273448.59,0.02,12.01
1965-04-01,87.97,2.57,4.73333,31.4,4.2,857.64,25.06,46.15,23.42,0.009903088680333912,0.002459090391688157,0.012362179072022068,276829.01,1.24,11.51
1965-05-01,89.28,2.59,4.78667,31.4,4.21,870.42,25.25,46.67,23.71,0.014901357212816534,0.002453438117003249,0.017354795329819782,281633.32,1.74,12.07
1965-06-01,85.04,2.61,4.84,31.6,4.21,823.83,25.28,46.89,22.39,-0.05352588405597289,0.0024202875240305452,-0.05110559653194234,267240.29,-5.11,7.06
1965-07-01,84.91,2.62667,4.88667,31.6,4.2,822.57,25.45,47.34,22.3,-0.0015294417537598665,0.002574357978385508,0.0010449162246256413,267519.53,0.1,3.42
1965-08-01,86.49,2.64333,4.93333,31.6,4.25,837.88,25.61,47.79,22.67,0.018612397729068583,0.002594510700203833,0.021206908429272416,273192.79,2.12,6.58
1965-09-01,89.38,2.66,4.98,31.6,4.29,865.88,25.77,48.24,23.37,0.03341767317515635,0.0025630161837017235,0.03598068935885807,283022.46,3.6,8.63
1965-10-01,91.39,2.68,5.05,31.7,4.35,882.55,25.88,48.77,23.78,0.019252090358941147,0.002490722347977395,0.02174281270691854,289176.16,2.17,8.85
1965-11-01,92.15,2.7,5.12,31.7,4.45,889.89,26.07,49.44,23.93,0.00831680924593511,0.002461616905557759,0.01077842615149287,292293.02,1.08,9.35
1965-12-01,91.73,2.72,5.19,31.8,4.62,883.05,26.18,49.96,23.69,-0.007686343255908069,0.0024516138698790486,-0.00523472938602902,290762.95,-0.52,10.42
1966-01-01,93.32,2.74,5.24,31.8,4.61,898.36,26.38,50.44,24.06,0.01733763660041907,0.0024894777570164013,0.01982711435743547,296527.94,1.98,9.52
1966-02-01,92.69,2.76,5.29,32.0,4.83,886.72,26.4,50.61,23.7,-0.012956943764192513,0.002448906897012333,-0.01050803686718018,293412.01,-1.05,7.32
1966-03-01,88.88,2.78,5.34,32.1,4.87,847.62,26.51,50.93,22.61,-0.0440950920245399,0.0024913914952484064,-0.04160370052929149,281204.99,-4.16,2.84
1966-04-01,91.6,2.79667,5.38,32.3,4.75,868.15,26.51,50.99,23.11,0.024220759302517606,0.002606317296272701,0.026827076598790307,288748.9,2.68,4.31
1966-05-01,86.78,2.81333,5.42,32.3,4.78,822.47,26.66,51.37,21.85,-0.05261763520129004,0.0025590815719249748,-0.050058553629365066,274294.54,-5.01,-2.61
1966-06-01,86.06,2.83,5.46,32.4,4.81,813.13,26.74,51.59,21.56,-0.011356037302272462,0.0027093186782901906,-0.008646718623982272,271922.8,-0.86,1.75
1966-07-01,85.84,2.85,5.47667,32.5,5.02,808.55,26.85,51.59,21.38,-0.0056325556799036326,0.0027517125182935083,-0.0028808431616101243,271139.43,-0.29,1.35
1966-08-01,80.65,2.87,5.49333,32.7,5.22,755.02,26.87,51.43,19.91,-0.06620493475975509,0.0027693607898913696,-0.06343557396986371,253939.54,-6.34,-7.05
1966-09-01,77.81,2.89,5.51,32.7,5.18,728.43,27.06,51.58,19.16,-0.035217610129533033,0.002986675849646367,-0.032230934279886665,245754.84,-3.22,-13.17
1966-10-01,77.13,2.88333,5.52333,32.9,5.01,717.68,26.83,51.39,18.83,-0.014757766703732687,0.0030693866717918447,-0.011688380031940842,242882.36,-1.17,-16.01
1966-11-01,80.99,2.87667,5.53667,32.9,5.16,753.59,26.77,51.52,19.71,0.05003622784527935,0.003108395570913685,0.05314462341619303,255790.25,5.31,-12.49
1966-12-01,81.33,2.87,5.55,32.9,4.84,756.76,26.7,51.64,19.74,0.004206531403017502,0.002952533871203174,0.007159065274220676,257621.47,0.72,-11.4
1967-01-01,84.45,2.88,5.51667,32.9,4.58,785.79,26.8,51.33,20.43,0.03836090702468414,0.002951177828285498,0.04131208485296964,268264.35,4.13,-9.53
1967-02-01,87.36,2.89,5.48333,32.9,4.63,812.87,26.89,51.02,21.07,0.03446213364893934,0.0028516948972795953,0.03731382854621893,278274.32,3.73,-5.16
1967-03-01,89.42,2.9,5.45,33.0,4.54,829.51,26.9,50.56,21.44,0.020470677968186777,0.002757718536379331,0.02322839650456611,284738.19,2.32,1.26
1967-04-01,90.96,2.9,5.41,33.1,4.59,841.25,26.82,50.03,21.69,0.014152933659630395,0.002694361731624694,0.01684729539125509,289535.25,1.68,0.27
1967-05-01,92.59,2.9,5.37,33.2,4.85,853.75,26.74,49.52,21.95,0.014858841010401188,0.002648836057454185,0.017507677067855373,294604.34,1.75,7.4
1967-06-01,91.43,2.9,5.33,33.3,5.02,840.52,26.66,49.0,21.55,-0.015496339677891676,0.0026022449975597853,-0.012894094680331892,290805.69,-1.29,6.94
1967-07-01,93.01,2.90667,5.32,33.4,5.16,852.48,26.64,48.76,21.8,0.014229286632084944,0.002641222100604388,0.016870508732689332,295711.73,1.69,9.06
1967-08-01,94.49,2.91333,5.31,33.5,5.28,863.46,26.62,48.52,22.03,0.012880067567567589,0.0026022115865865863,0.015482279154154175,300290.02,1.55,18.25
1967-09-01,95.81,2.92,5.3,33.6,5.3,872.92,26.6,48.29,22.22,0.010955921525027126,0.002567190914074383,0.013523112439101509,304350.87,1.35,23.84
1967-10-01,95.66,2.92,5.31,33.7,5.48,868.97,26.52,48.24,22.07,-0.004525042386472909,0.0025317325757228614,-0.001993309810750048,303744.21,-0.2,25.06
1967-11-01,92.66,2.92,5.32,33.8,5.75,839.22,26.45,48.18,21.26,-0.034235934497163306,0.0025365279200279256,-0.03169940657713538,294115.7,-3.17,14.98
1967-12-01,95.3,2.92,5.33,33.9,5.7,860.59,26.37,48.13,21.75,0.025464121446104722,0.002618502895545864,0.028082624341650587,302375.24,2.81,17.37
1968-01-01,95.04,2.93,5.36667,34.1,5.53,853.21,26.3,48.18,21.51,-0.008575512148642205,0.002546702456066962,-0.006028809692575243,300552.28,-0.6,12.04
1968-02-01,90.75,2.94,5.40333,34.2,5.56,812.31,26.32,48.37,20.42,-0.04793661583900809,0.00257068404417826,-0.045365931794829825,286917.44,-4.54,3.11
1968-03-01,89.09,2.95,5.44,34.3,5.74,795.13,26.33,48.55,19.93,-0.021149561128140676,0.002701144472758758,-0.018448416655381918,281624.27,-1.84,-1.09
1968-04-01,95.67,2.96333,5.48333,34.4,5.64,851.37,26.37,48.8,21.28,0.07073057235923687,0.002763699017770679,0.07349427137700755,302322.04,7.35,4.42
1968-05-01,97.87,2.97667,5.52667,34.5,5.87,868.43,26.41,49.04,21.63,0.020038291224731837,0.0025850491952186866,0.022623340419950524,309161.57,2.26,4.94
1968-06-01,100.5,2.99,5.57,34.7,5.72,886.62,26.38,49.14,22.0,0.02094584480038697,0.002531388060446246,0.023477232860833218,316419.83,2.35,8.81
1968-07-01,100.3,3.00333,5.6,34.9,5.5,879.79,26.34,49.12,21.75,-0.007703412961584491,0.0024756942094696713,-0.005227718752114819,314765.68,-0.52,6.44
1968-08-01,98.11,3.01667,5.63,35.0,5.42,858.12,26.39,49.24,21.14,-0.024630877823116834,0.002499649537579044,-0.02213122828553779,307799.53,-2.21,2.5
1968-09-01,101.3,3.03,5.66,35.1,5.46,883.5,26.43,49.36,21.68,0.02957628303733743,0.0025666573439612175,0.03214294038129865,317693.11,3.21,4.38
1968-10-01,103.8,3.04333,5.69333,35.3,5.58,900.17,26.39,49.37,22.0,0.018868138087153322,0.0024891529900018866,0.02135729107715521,324478.17,2.14,6.83
1968-11-01,105.4,3.05667,5.72667,35.4,5.7,911.46,26.43,49.52,22.2,0.012542075385760553,0.002446760056433785,0.01498883544219434,329341.72,1.5,11.98
1968-12-01,106.5,3.07,5.76,35.5,6.03,918.38,26.47,49.67,22.28,0.0075922146885216675,0.0024201098603705406,0.010012324548892209,332639.2,1.0,10.01
1969-01-01,102.0,3.08,5.78,35.6,6.04,877.11,26.49,49.7,21.19,-0.04493782530107361,0.0024036891047278905,-0.04253413619634572,318490.68,-4.25,5.97
1969-02-01,101.5,3.09,5.8,35.8,6.19,867.93,26.42,49.6,20.9,-0.010466190101583683,0.0025101374590036215,-0.00795605264258006,315956.75,-0.8,10.12
1969-03-01,99.3,3.1,5.82,36.1,6.3,842.06,26.29,49.35,20.2,-0.029806551219568406,0.0025242051010258126,-0.02728234611854259,307336.71,-2.73,9.13
1969-04-01,101.3,3.11,5.82667,36.3,6.17,854.29,26.23,49.14,20.43,0.014523905659929243,0.0025958166084760394,0.01711972226840528,312598.23,1.71,3.4
1969-05-01,104.6,3.12,5.83333,36.4,6.32,879.7,26.24,49.06,20.97,0.029743997939809762,0.002559630414340173,0.03230362835414993,322696.28,3.23,4.38
1969-06-01,99.14,3.13,5.84,36.6,6.57,829.22,26.18,48.85,19.71,-0.057383198817778806,0.0024800121253457617,-0.05490318669243305,304979.23,-5.49,-3.62
1969-07-01,94.71,3.13667,5.85667,36.8,6.72,787.86,26.09,48.72,18.68,-0.04987819878922362,0.002621941905244286,-0.04725625688397934,290567.05,-4.73,-7.69
1969-08-01,94.18,3.14333,5.87333,37.0,6.69,779.22,26.01,48.59,18.43,-0.010966415352981476,0.002751123296017059,-0.008215292056964417,288179.96,-0.82,-6.37
1969-09-01,94.51,3.15,5.89,37.1,7.16,779.84,25.99,48.6,18.4,0.0007956674623341349,0.0027794888906000014,0.0035751563529341363,289210.25,0.36,-8.97
1969-10-01,95.52,3.15333,5.85333,37.3,7.1,783.95,25.88,48.04,18.45,0.005270311858842857,0.002765524552044864,0.00803583641088772,291534.3,0.8,-10.15
1969-11-01,96.21,3.15667,5.81667,37.5,7.14,785.4,25.77,47.48,18.44,0.0018496077555965708,0.0027393328656164294,0.004588940621213,292872.13,0.46,-11.07
1969-12-01,91.11,3.16,5.78,37.7,7.65,739.82,25.66,46.93,17.33,-0.058034122740005,0.002722604193192428,-0.05531151854681257,276672.93,-5.53,-16.82
1970-01-01,90.31,3.16333,5.73,37.8,7.79,731.39,25.62,46.41,17.09,-0.011394663566813635,0.0028858370955097187,-0.008508826471303917,274318.76,-0.85,-13.87
1970-02-01,87.16,3.16667,5.68,38.0,7.24,702.16,25.51,45.76,16.37,-0.039964998154199564,0.0029065660363599907,-0.037058432117839574,264152.94,-3.71,-16.4
1970-03-01,88.65,3.17,5.63,38.2,7.07,710.42,25.4,45.12,16.53,0.011763700581064133,0.003014507614598762,0.014778208195662895,268056.65,1.48,-12.78
1970-04-01,85.95,3.17333,5.59333,38.5,7.39,683.42,25.23,44.47,15.87,-0.03800568677683624,0.0029595169054925257,-0.035046169871343714,258662.29,-3.5,-17.25
1970-05-01,76.06,3.17667,5.55667,38.6,7.91,603.21,25.19,44.07,13.98,-0.11736560241140137,0.0030715616555949004,-0.11429404075580647,229098.73,-11.43,-29.0
1970-06-01,75.59,3.18,5.52,38.8,7.84,596.4,25.09,43.55,13.8,-0.011289600636594318,0.0034661781690179757,-0.007823422467576342,227306.4,-0.78,-25.47
1970-07-01,75.72,3.18333,5.46667,39.0,7.46,594.36,24.99,42.91,13.73,-0.0034205231388329373,0.0034917840375586857,7.126089872574841e-05,227322.59,0.01,-21.77
1970-08-01,77.92,3.18667,5.41333,39.0,7.53,611.63,25.01,42.49,14.1,0.029056464095834143,0.0035065728963366762,0.03256303699217082,234724.91,3.26,-18.55
1970-09-01,82.58,3.19,5.36,39.2,7.39,644.9,24.91,41.86,14.84,0.054395631345748215,0.00339393642125686,0.05778956776700508,248289.56,5.78,-14.15
1970-10-01,84.37,3.17333,5.28333,39.4,7.33,655.53,24.66,41.05,15.06,0.016483175686152884,0.0031865405489223137,0.0196697162350752,253173.34,1.97,-13.16
1970-11-01,84.28,3.15667,5.20667,39.6,6.84,651.53,24.4,40.25,14.95,-0.006101932787210349,0.003101815833498594,-0.003000116953711755,252413.79,-0.3,-13.81
1970-12-01,90.05,3.14,5.13,39.8,6.39,692.63,24.15,39.46,15.87,0.06308228324098664,0.003088883090571424,0.06617116633155806,269116.31,6.62,-2.73
1971-01-01,93.49,3.13,5.16,39.8,6.24,719.09,24.07,39.69,16.46,0.03820221474669021,0.0028959665814841016,0.04109818132817431,280176.5,4.11,2.14
1971-02-01,97.11,3.12,5.19,39.9,6.11,745.06,23.94,39.82,17.03,0.03611508990529685,0.0027743397905686355,0.03888942969586548,291072.4,3.89,10.19
1971-03-01,99.6,3.11,5.22,40.0,5.7,762.26,23.8,39.95,17.4,0.023085389096180235,0.0026619780062455824,0.025747367102425818,298566.75,2.57,11.38
1971-04-01,103.0,3.10667,5.25333,40.1,5.83,786.31,23.72,40.1,17.92,0.03155091438616739,0.0025931659363821616,0.03414408032254955,308761.04,3.41,19.37
1971-05-01,101.6,3.10333,5.28667,40.3,6.39,771.78,23.57,40.16,17.56,-0.01847871704544006,0.0024979545811024493,-0.015980762464337613,303826.8,-1.6,32.62
1971-06-01,99.72,3.1,5.32,40.6,6.52,751.9,23.37,40.11,17.08,-0.025758635880691383,0.0025233874938453966,-0.023235248386845986,296767.31,-2.32,30.56
1971-07-01,99.0,3.09667,5.35667,40.7,6.73,744.63,23.29,40.29,16.89,-0.009668838941348559,0.0025812386398900563,-0.007087600301458503,294663.94,-0.71,29.62
1971-08-01,97.24,3.09333,5.39333,40.8,6.58,729.6,23.21,40.47,16.52,-0.02018452117158854,0.0025974868950575008,-0.01758703427653104,289481.68,-1.76,23.33
1971-09-01,99.4,3.09,5.43,40.8,6.14,745.81,23.18,40.74,16.86,0.022217653508771824,0.002647569444444444,0.02486522295321627,296679.7,2.49,19.49
1971-10-01,97.29,3.08333,5.52,40.9,5.93,728.19,23.08,41.32,16.43,-0.02362532012174668,0.002578851628877775,-0.021046468492868904,290435.64,-2.1,14.72
1971-11-01,92.78,3.07667,5.61,40.9,5.81,694.44,23.03,41.99,15.64,-0.046347793845012975,0.0026355301043225897,-0.043712263740690385,277740.05,-4.37,10.03
1971-12-01,99.17,3.07,5.7,41.1,5.93,738.65,22.87,42.46,16.6,0.0636628074419675,0.002744417564272411,0.06640722500623991,296183.99,6.64,10.06
1972-01-01,103.3,3.07,5.73667,41.1,5.95,769.42,22.87,42.73,17.26,0.04165707710011505,0.0025801574945283063,0.044237234594643356,309286.35,4.42,10.39
1972-02-01,105.2,3.07,5.77333,41.3,6.08,779.77,22.76,42.79,17.46,0.013451690884042555,0.002465060261842254,0.015916751145884808,314209.19,1.59,7.95
1972-03-01,107.7,3.07,5.81,41.4,6.07,796.38,22.7,42.96,17.81,0.021301152904061472,0.0024259290132560454,0.023727081917317518,321664.45,2.37,7.74
1972-04-01,108.8,3.07,5.86333,41.5,6.19,802.57,22.65,43.25,17.92,0.00777267133780363,0.0023700997011476934,0.010142771038951323,324927.02,1.01,5.24
1972-05-01,107.7,3.07,5.91667,41.6,6.13,792.55,22.59,43.54,17.66,-0.012484892283539249,0.00234558979279066,-0.010139302490748589,321632.49,-1.01,5.86
1972-06-01,108.0,3.07,5.97,41.7,6.11,792.85,22.54,43.83,17.64,0.0003785250141947741,0.002369987172207852,0.0027485121864026262,322516.5,0.27,8.68
1972-07-01,107.2,3.07333,6.02667,41.9,6.11,783.22,22.45,44.03,17.4,-0.012146055369868191,0.0023596308675453534,-0.009786424502322838,319360.22,-0.98,8.38
1972-08-01,111.0,3.07667,6.08333,42.0,6.21,809.05,22.43,44.34,17.94,0.03297923954955176,0.002386515495858975,0.035365755045410736,330654.63,3.54,14.22
1972-09-01,109.4,3.08,6.14,42.1,6.55,795.5,22.4,44.65,17.61,-0.01674803782213702,0.0023072327627052303,-0.014440805059431789,325879.71,-1.44,9.84
1972-10-01,109.6,3.10333,6.23333,42.3,6.48,793.18,22.46,45.11,17.53,-0.002916404776869956,0.0023528179342132832,-0.0005635868426566728,325696.05,-0.06,12.14
1972-11-01,115.1,3.12667,6.32667,42.4,6.28,831.02,22.57,45.68,18.34,0.047706699614211194,0.0023712566294325794,0.05007795624364377,342006.24,5.01,23.14
1972-12-01,117.5,3.15,6.42,42.5,6.36,846.35,22.69,46.24,18.65,0.018447209453442807,0.002275316277987694,0.0207225257314305,349093.48,2.07,17.86
1973-01-01,118.4,3.15667,6.54667,42.6,6.46,850.83,22.68,47.04,18.71,0.005293318367105828,0.0022331186861227624,0.00752643705322859,351720.91,0.75,13.72
1973-02-01,114.2,3.16333,6.67333,42.9,6.64,814.91,22.57,47.62,17.89,-0.04221759928540375,0.002210586525314497,-0.04000701276008926,337649.6,-4.0,7.46
1973-03-01,112.4,3.17,6.8,43.3,6.71,794.66,22.41,48.08,17.41,-0.024849369869065295,0.002291664110147133,-0.022557705758918162,330033.0,-2.26,2.6
1973-04-01,110.3,3.18667,6.94333,43.6,6.67,774.45,22.37,48.75,16.94,-0.025432260337754416,0.0023458669955284863,-0.023086393342225932,322413.73,-2.31,-0.77
1973-05-01,107.2,3.20333,7.08667,43.9,6.85,747.54,22.34,49.42,16.31,-0.034747239976757806,0.002403856500312049,-0.032343383476445754,311985.78,-3.23,-3.0
1973-06-01,104.8,3.22,7.23,44.2,6.9,725.84,22.3,50.07,15.81,-0.02902854696738627,0.0024859316335357753,-0.026542615333850494,303704.86,-2.65,-5.83
1973-07-01,105.8,3.23667,7.38333,44.3,7.13,731.11,22.37,51.02,15.89,0.007260553289981238,0.002568288695396598,0.009828841985377836,306689.93,0.98,-3.97
1973-08-01,103.8,3.25333,7.53667,45.1,7.4,704.57,22.08,51.16,15.28,-0.03630096702274618,0.0025167211500321425,-0.033784245872714044,296328.64,-3.38,-10.38
1973-09-01,105.6,3.27,7.69,45.2,7.09,715.2,22.15,52.08,15.48,0.015087216316334778,0.0026198012026247683,0.017707017518959547,301575.74,1.77,-7.46
1973-10-01,109.8,3.30667,7.84667,45.6,6.79,737.12,22.2,52.68,15.91,0.030648769574944012,0.0025866890380313195,0.03323545861297533,311598.74,3.32,-4.33
1973-11-01,102.0,3.34333,8.00333,45.9,6.73,680.28,22.3,53.38,14.65,-0.07711091816800525,0.0025210730048476956,-0.07458984516315756,288356.64,-7.46,-15.69
1973-12-01,94.78,3.38,8.16,46.2,6.74,628.03,22.4,54.07,13.49,-0.0768066090433351,0.002743968169969228,-0.07406264087336586,267000.19,-7.41,-23.52
1974-01-01,96.11,3.4,8.22667,46.6,6.99,631.37,22.34,54.04,13.53,0.005318217282613938,0.00296429576081822,0.008282513043432159,269211.62,0.83,-23.46
1974-02-01,93.45,3.42,8.29333,47.2,6.96,606.09,22.18,53.79,12.96,-0.040039913204618485,0.0029274962911340946,-0.03711241691348439,259220.53,-3.71,-23.23
1974-03-01,97.44,3.44,8.36,47.8,7.21,624.04,22.03,53.54,13.31,0.029616063620914273,0.0030289780945624138,0.032645041715476684,267682.79,3.26,-18.89
1974-04-01,92.46,3.46,8.48667,48.0,7.51,589.68,22.07,54.13,12.55,-0.055060573040189756,0.0029471935559686347,-0.05211337948422112,253732.94,-5.21,-21.3
1974-05-01,89.67,3.48,8.61333,48.6,7.58,564.82,21.92,54.25,12.0,-0.042158458825125325,0.003097725319947543,-0.03906073350517778,243821.94,-3.91,-21.85
1974-06-01,89.79,3.5,8.74,49.0,7.54,560.96,21.87,54.6,11.89,-0.006834035621968084,0.0032266916893877694,-0.003607343932580315,242942.39,-0.36,-20.01
1974-07-01,79.31,3.53,8.86333,49.4,7.81,491.48,21.88,54.93,10.39,-0.12385909868796352,0.0032503803004373453,-0.12060871838752618,213641.42,-12.06,-30.34
1974-08-01,76.03,3.56,8.98667,50.0,8.04,465.5,21.8,55.02,9.82,-0.05286074713111422,0.0036963186023168115,-0.04916442852879741,203137.86,-4.92,-31.45
1974-09-01,68.12,3.59,9.11,50.6,8.04,412.12,21.72,55.12,8.68,-0.11467239527389902,0.0038882921589688505,-0.11078410311493017,180633.42,-11.08,-40.1
1974-10-01,69.44,3.59333,9.03667,51.1,7.9,416.0,21.53,54.14,8.74,0.009414733572745792,0.004353505451486622,0.013768239024232413,183120.42,1.38,-41.23
1974-11-01,71.74,3.59667,8.96333,51.5,7.68,426.44,21.38,53.28,8.95,0.02509615384615384,0.0042828525641025635,0.029379006410256404,188500.32,2.94,-34.63
1974-12-01,67.07,3.6,8.89,51.9,7.43,395.61,21.23,52.44,8.29,-0.0722962198668042,0.004148688365694275,-0.06814753150110993,175654.49,-6.81,-34.21
1975-01-01,72.56,3.62333,8.74333,52.1,7.5,426.35,21.29,51.37,8.92,0.07770278809939084,0.004484635541737233,0.08218742364112808,190091.08,8.22,-29.39
1975-02-01,80.1,3.64667,8.59667,52.5,7.39,467.06,21.26,50.13,9.76,0.09548493022164883,0.004155427856612329,0.09964035807826116,209031.82,9.96,-19.36
1975-03-01,83.78,3.67,8.45,52.7,7.73,486.67,21.32,49.08,10.16,0.04198604033742991,0.003803936681939508,0.04578997701936942,218603.38,4.58,-18.33
1975-04-01,84.72,3.68333,8.28667,52.9,8.23,490.27,21.32,47.95,10.23,0.007397209608153299,0.0036506599269868012,0.0110478695351401,221018.48,1.1,-12.89
1975-05-01,90.1,3.69667,8.12333,53.2,8.06,518.46,21.27,46.74,10.82,0.05749892916148256,0.0036153548044954823,0.061114283965978046,234525.87,6.11,-3.81
1975-06-01,92.4,3.71,7.96,53.6,7.86,527.73,21.19,45.46,11.01,0.017879875014465883,0.003405920096696627,0.02128579511116251,239517.94,2.13,-1.41
1975-07-01,92.49,3.71,7.89333,54.2,8.06,522.39,20.95,44.58,10.9,-0.010118810755500031,0.003308194215476348,-0.006810616540023683,237886.67,-0.68,11.35
1975-08-01,85.71,3.71,7.82667,54.3,8.4,483.21,20.92,44.12,10.09,-0.0750014357089531,0.0033372256998283533,-0.07166421000912475,220838.71,-7.17,8.71
1975-09-01,84.67,3.71,7.76,54.6,8.43,474.72,20.8,43.51,9.92,-0.01757000062084798,0.003587122231190028,-0.013982878389657952,217750.75,-1.4,20.55
1975-10-01,88.57,3.7,7.82667,54.9,8.14,493.87,20.63,43.64,10.33,0.04033956858779907,0.003621432985057858,0.04396100157285693,227323.29,4.4,24.14
1975-11-01,90.07,3.69,7.89333,55.3,8.05,498.61,20.43,43.7,10.44,0.009597667402352864,0.0034472634498957213,0.013044930852248584,230288.71,1.3,22.17
1975-12-01,88.7,3.68,7.96,55.5,8.0,489.25,20.3,43.91,10.25,-0.018772186678967556,0.003392765220646731,-0.015379421458320825,226747.0,-1.54,29.09
1976-01-01,96.86,3.68333,8.19333,55.6,7.74,533.3,20.28,45.11,11.19,0.09003576903423598,0.003454266734798161,0.09349003576903414,247945.59,9.35,30.44
1976-02-01,100.6,3.68667,8.42667,55.8,7.79,551.91,20.23,46.23,11.59,0.03489593099568726,0.003161135070941934,0.038057066066629196,257381.67,3.81,23.13
1976-03-01,101.1,3.69,8.66,55.9,7.73,553.66,20.21,47.43,11.63,0.0031708068344476455,0.0030515241011517583,0.006222330935599403,258983.18,0.62,18.47
1976-04-01,101.9,3.71333,8.85667,56.1,7.56,556.05,20.26,48.33,11.69,0.004316728678250165,0.003049404568387338,0.0073661332466375025,260890.89,0.74,18.04
1976-05-01,101.2,3.73667,9.05333,56.5,7.9,548.32,20.25,49.05,11.53,-0.013901627551479013,0.003034799028864311,-0.010866828522614702,258055.83,-1.09,10.03
1976-06-01,101.8,3.76,9.25,56.8,7.86,548.66,20.26,49.85,11.54,0.000620075868106066,0.003079102227409785,0.003699178095515851,259010.43,0.37,8.14
1976-07-01,104.2,3.79,9.35,57.1,7.83,558.64,20.32,50.13,11.76,0.018189771443152442,0.0030863072455315377,0.02127607868868398,264521.15,2.13,11.2
1976-08-01,103.3,3.82,9.45,57.4,7.77,550.92,20.37,50.4,11.6,-0.013819275383073227,0.0030386295288557926,-0.010780645854217435,261669.44,-1.08,18.49
1976-09-01,105.5,3.85,9.55,57.6,7.59,560.7,20.46,50.76,11.81,0.01775212372032253,0.003094823204821027,0.020846946925143557,267124.45,2.08,22.67
1976-10-01,101.9,3.91667,9.67,57.9,7.41,538.76,20.71,51.13,11.35,-0.03912965935437855,0.003077997740919089,-0.03605166161345946,257494.17,-3.61,13.27
1976-11-01,101.2,3.98333,9.79,58.0,7.29,534.14,21.02,51.67,11.25,-0.008575246863167282,0.003251293092780954,-0.005323953770386329,256123.29,-0.53,11.22
1976-12-01,104.7,4.05,9.91,58.2,6.87,550.71,21.3,52.13,11.6,0.031021829482907198,0.003323098813045269,0.03434492829595247,264919.82,3.43,16.83
1977-01-01,103.8,4.09667,9.96667,58.5,7.21,543.18,21.44,52.16,11.44,-0.013673258157651188,0.003244296756308523,-0.010428961401342664,262156.98,-1.04,5.73
1977-02-01,101.0,4.14333,10.0233,59.1,7.39,523.16,21.46,51.92,11.01,-0.03685702713649248,0.0032923401696184204,-0.033564686966874056,253357.77,-3.36,-1.56
1977-03-01,100.6,4.19,10.08,59.5,7.46,517.59,21.56,51.86,10.9,-0.010646838443305943,0.0034342584805158397,-0.007212579962790103,251530.4,-0.72,-2.88
1977-04-01,99.05,4.24667,10.1933,60.0,7.37,505.37,21.67,52.01,10.64,-0.023609420583859862,0.003488926241491013,-0.02012049434236885,246469.49,-2.01,-5.53
1977-05-01,98.76,4.30333,10.3067,60.3,7.46,501.38,21.85,52.32,10.55,-0.007895205493005143,0.0036029707606967834,-0.004292234732308359,245411.58,-0.43,-4.9
1977-06-01,99.29,4.36,10.42,60.7,7.28,500.75,21.99,52.55,10.53,-0.001256531971757939,0.0036549124416610152,0.002398380469903076,246000.17,0.24,-5.02
1977-07-01,100.2,4.40667,10.5167,61.0,7.33,502.85,22.11,52.78,10.57,0.004193709435846276,0.0036794807788317523,0.007873190214678027,247936.98,0.79,-6.27
1977-08-01,97.75,4.45333,10.6133,61.2,7.4,488.95,22.28,53.09,10.27,-0.027642438102814026,0.003692287295747572,-0.023950150807066455,241998.85,-2.4,-7.52
1977-09-01,96.23,4.5,10.71,61.4,7.34,479.78,22.44,53.4,10.07,-0.01875447387258414,0.0038245219347581554,-0.014929951937825986,238385.82,-1.49,-10.76
1977-10-01,93.74,4.55667,10.77,61.6,7.52,465.85,22.64,53.52,9.77,-0.029034140647796806,0.003932357886253422,-0.025101782761543383,232401.91,-2.51,-9.74
1977-11-01,94.28,4.61333,10.83,61.9,7.58,466.26,22.82,53.56,9.77,0.0008801116239132085,0.004082143751565239,0.004962255375478447,233555.15,0.5,-8.81
1977-12-01,93.82,4.67,10.89,62.1,7.69,462.49,23.02,53.68,9.68,-0.00808561746664947,0.0041142996039405764,-0.003971317862708894,232627.63,-0.4,-12.19
1978-01-01,90.25,4.71333,10.9,62.5,7.96,442.05,23.09,53.39,9.24,-0.04419555017405781,0.004160450316042869,-0.04003509985801494,223314.36,-4.0,-14.82
1978-02-01,88.98,4.75667,10.91,62.9,8.03,433.06,23.15,53.1,9.05,-0.020337065942766675,0.004364136786939637,-0.01597292915582704,219747.37,-1.6,-13.27
1978-03-01,88.82,4.8,10.92,63.4,8.04,428.87,23.18,52.73,8.95,-0.009675333672008492,0.004460505857540911,-0.005214827814467581,218601.43,-0.52,-13.09
1978-04-01,92.71,4.83667,11.0233,63.9,8.15,444.15,23.17,52.81,9.26,0.03562851213654481,0.0045021412860151875,0.040130653422559996,227374.04,4.01,-7.75
1978-05-01,97.41,4.87333,11.1267,64.5,8.35,462.32,23.13,52.81,9.63,0.04090960261173031,0.004339750084430936,0.045249352696161246,237662.57,4.52,-3.16
1978-06-01,97.66,4.91,11.23,65.2,8.46,458.53,23.05,52.73,9.55,-0.008197785083924599,0.0041547701447770665,-0.0040430149391475325,236701.7,-0.4,-3.78
1978-07-01,97.19,4.94667,11.3433,65.7,8.64,452.85,23.05,52.85,9.43,-0.012387411946873596,0.004189111581212426,-0.00819830036566117,234761.15,-0.82,-5.31
1978-08-01,103.9,4.98333,11.4567,66.0,8.41,481.92,23.11,53.14,10.02,0.06419344153693274,0.0042526958889993,0.06844613742593204,250829.64,6.84,3.65
1978-09-01,103.9,5.02,11.57,66.5,8.42,478.3,23.11,53.26,9.94,-0.007511620185922984,0.003996168105356352,-0.003515452080566632,249947.86,-0.35,4.85
1978-10-01,100.6,5.03667,11.8233,67.1,8.64,458.96,22.98,53.94,9.53,-0.04043487351034922,0.004003763328454944,-0.03643111018189427,240841.98,-3.64,3.63
1978-11-01,94.71,5.05333,12.0767,67.4,8.81,430.17,22.95,54.85,8.93,-0.0627287781070245,0.004167029806519087,-0.05856174830050541,226737.86,-5.86,-2.92
1978-12-01,96.11,5.07,12.33,67.7,9.01,434.59,22.93,55.75,9.01,0.010275007555152519,0.00444204229335689,0.014717049848509408,230074.77,1.47,-1.1
1979-01-01,99.71,5.11333,12.6533,68.3,9.1,446.91,22.92,56.71,9.26,0.028348558411376356,0.004394946961503947,0.0327435053728803,237608.22,3.27,6.4
1979-02-01,98.23,5.15667,12.9767,69.1,9.1,435.18,22.85,57.49,9.0,-0.026246895348056694,0.00426073855287791,-0.021986156795178784,232384.13,-2.2,5.75
1979-03-01,100.1,5.2,13.3,69.8,9.12,439.02,22.81,58.33,9.07,0.008823934923479881,0.004367924383779891,0.013191859307259773,235449.71,1.32,7.71
1979-04-01,102.1,5.24667,13.5267,70.6,9.18,442.71,22.75,58.65,9.13,0.008405084050840504,0.00431833022033924,0.012723414271179744,238445.43,1.27,4.87
1979-05-01,99.73,5.29333,13.7533,71.5,9.25,426.99,22.66,58.88,8.79,-0.035508572203022226,0.004265395706745575,-0.03124317649627665,230995.64,-3.12,-2.81
1979-06-01,101.7,5.34,13.98,72.3,8.91,430.61,22.61,59.19,8.85,0.008477950303285802,0.004412671647267305,0.012890621950553106,233973.32,1.29,-1.15
1979-07-01,102.7,5.39667,14.1967,73.1,8.95,430.09,22.6,59.45,8.83,-0.0012075892338776124,0.00437364049449231,0.0031660512606146974,234714.09,0.32,-0.02
1979-08-01,107.4,5.45333,14.4133,73.8,9.03,445.5,22.62,59.79,9.13,0.035829710060685034,0.00438280359924667,0.040212513659931705,244152.53,4.02,-2.66
1979-09-01,108.6,5.51,14.63,74.6,9.33,445.65,22.61,60.04,9.11,0.00033670033670028565,0.004229330340441451,0.004566030677141736,245267.34,0.46,-1.87
1979-10-01,104.5,5.55667,14.7067,75.2,10.3,425.4,22.62,59.87,8.68,-0.04543924604510266,0.004229776730618198,-0.041209469314484465,235160.01,-4.12,-2.36
1979-11-01,103.7,5.60333,14.7833,75.9,10.65,418.25,22.6,59.63,8.52,-0.016807710390220915,0.004427205767121142,-0.012380504623099774,232248.61,-1.24,2.43
1979-12-01,107.8,5.65,14.86,76.7,10.39,430.25,22.55,59.31,8.75,0.02869097429766886,0.004492926877864116,0.03318390117553298,239955.52,3.32,4.29
1980-01-01,110.9,5.7,15.0033,77.8,10.8,436.37,22.43,59.03,8.85,0.014224288204532259,0.004344373426302537,0.018568661630834794,244411.17,1.86,2.86
1980-02-01,115.3,5.75,15.1467,78.9,12.41,447.36,22.31,58.77,9.05,0.025185049384696494,0.004260528145075662,0.029445577529772157,251608.0,2.94,8.27
1980-03-01,104.7,5.8,15.29,80.1,12.75,400.14,22.17,58.44,8.08,-0.1055525751072962,0.004129783619456366,-0.10142279148783984,226089.22,-10.14,-3.98
1980-04-01,103.0,5.84667,15.1733,81.0,11.47,389.27,22.1,57.35,7.84,-0.02716549207777279,0.004602555772146416,-0.022562936305626377,220987.98,-2.26,-7.32
1980-05-01,107.7,5.89333,15.0567,81.8,10.18,403.06,22.06,56.35,8.1,0.03542528322244206,0.004722514792646064,0.040147798015088124,229860.16,4.01,-0.49
1980-06-01,114.6,5.94,14.94,82.7,9.78,424.21,21.99,55.3,8.51,0.05247357713491782,0.004546469508261796,0.05702004664317962,242966.8,5.7,3.84
1980-07-01,119.8,5.98333,14.84,82.7,10.25,443.46,22.15,54.93,8.88,0.045378468211499025,0.004351225415085295,0.04972969362658432,255049.46,4.97,8.66
1980-08-01,123.5,6.02667,14.74,83.3,11.1,453.86,22.15,54.17,9.07,0.02345194606052414,0.004162344593274102,0.02761429065379824,262092.47,2.76,7.35
1980-09-01,126.5,6.07,14.64,84.0,11.51,461.01,22.12,53.35,9.2,0.015753756665050845,0.004061458012015452,0.019815214677066297,267285.89,1.98,8.98
1980-10-01,130.2,6.1,14.7,84.8,11.75,470.02,22.02,53.07,9.36,0.01954404459773105,0.003980390880891954,0.023524435478623002,273573.64,2.35,16.34
1980-11-01,135.7,6.13,14.76,85.5,12.68,485.87,21.95,52.85,9.65,0.033721969277903115,0.0038916783682963847,0.0376136476461995,283863.74,3.76,22.22
1980-12-01,133.5,6.16,14.82,86.3,12.84,473.56,21.85,52.57,9.39,-0.025335995225060207,0.0037475730819629396,-0.021588422143097266,277735.57,-2.16,15.74
1981-01-01,133.0,6.2,14.74,87.0,12.57,467.99,21.82,51.87,9.26,-0.011761973139623265,0.003839710561139736,-0.007922262578483528,275535.28,-0.79,12.73
1981-02-01,128.4,6.24,14.66,87.9,13.19,447.18,21.73,51.06,8.83,-0.044466762110301504,0.0038693846734616836,-0.04059737743683982,264349.27,-4.06,5.06
1981-03-01,133.2,6.28,14.58,88.5,13.12,460.75,21.72,50.43,9.08,0.03034572208059393,0.004047587101390938,0.03439330918198487,273441.11,3.44,20.94
1981-04-01,134.4,6.31667,14.7233,89.1,13.68,461.77,21.7,50.59,9.09,0.0022137818773738075,0.0039247603544944835,0.0061385422318682905,275119.64,0.61,24.5
1981-05-01,131.7,6.35333,14.8667,89.8,14.1,448.96,21.66,50.68,8.82,-0.027741083223249675,0.003908872382354852,-0.023832210840894825,268562.93,-2.38,16.84
1981-06-01,132.3,6.39,15.01,90.6,13.47,447.03,21.59,50.72,8.77,-0.004298823948681412,0.004007409717272511,-0.000291414231408901,268484.67,-0.03,10.5
1981-07-01,129.1,6.43333,15.0967,91.6,14.28,431.45,21.5,50.45,8.45,-0.03485224705277047,0.0040079338448575415,-0.030844313207912928,260203.45,-3.08,2.02
1981-08-01,129.6,6.47667,15.1833,92.3,14.94,429.84,21.48,50.36,8.4,-0.0037316027349635268,0.004148800556263762,0.0004171978213002351,260312.0,0.04,-0.68
1981-09-01,118.3,6.52,15.27,93.2,15.32,388.57,21.42,50.16,7.58,-0.09601246975618831,0.004152707984366276,-0.09185976177182203,236399.8,-9.19,-11.56
1981-10-01,119.8,6.55667,15.3,93.4,15.15,392.66,21.49,50.15,7.65,0.010525773991816229,0.004608779198943133,0.015134553190759362,239977.61,1.51,-12.28
1981-11-01,122.9,6.59333,15.33,93.7,13.39,401.53,21.54,50.08,7.81,0.022589517648856382,0.00457138491315642,0.0271609025620128,246495.62,2.72,-13.16
1981-12-01,123.8,6.63,15.36,94.0,13.72,403.18,21.59,50.02,7.83,0.004109281996363993,0.004480777691994787,0.00859005968835878,248613.03,0.86,-10.49
1982-01-01,117.3,6.66,15.1767,94.3,14.59,380.79,21.62,49.27,7.39,-0.05553350860657767,0.004468640970947633,-0.05106486763563004,235917.64,-5.11,-14.38
1982-02-01,114.5,6.69,14.9933,94.6,14.43,370.52,21.65,48.52,7.18,-0.026970246067386322,0.00473795705419435,-0.02223228901319197,230672.65,-2.22,-12.74
1982-03-01,110.8,6.72,14.81,94.5,13.86,358.93,21.77,47.98,6.95,-0.031280362733455615,0.004896271906149916,-0.0263840908273057,224586.56,-2.64,-17.87
1982-04-01,116.3,6.75,14.5967,94.9,13.87,375.16,21.77,47.09,7.26,0.04521773047669467,0.0050543745762869265,0.050272105052981596,235877.0,5.03,-14.26
1982-05-01,116.4,6.78,14.3833,95.8,13.62,371.95,21.67,45.96,7.19,-0.008556349290969283,0.004813501794789779,-0.0037428474961795043,234994.15,-0.37,-12.5
1982-06-01,109.7,6.81,14.17,97.0,14.3,346.21,21.49,44.72,6.69,-0.06920284984540935,0.0048147152395035175,-0.06438813460590584,219863.31,-6.44,-18.11
1982-07-01,109.4,6.82333,13.9667,97.5,13.95,343.49,21.42,43.85,6.64,-0.007856503278356982,0.005155830276421826,-0.0027006730019351567,219269.53,-0.27,-15.73
1982-08-01,109.7,6.83667,13.7633,97.7,13.06,343.73,21.42,43.13,6.64,0.0006987102972430321,0.005196657835744855,0.005895368132987887,220562.21,0.59,-15.27
1982-09-01,122.4,6.85,13.56,97.9,12.34,382.74,21.42,42.4,7.4,0.11349023943211238,0.005193029412620371,0.11868326884473275,246739.25,11.87,4.37
1982-10-01,132.7,6.85667,13.2533,98.2,10.91,413.68,21.37,41.32,8.0,0.08083816690181324,0.004652853982686245,0.08549102088449949,267833.24,8.55,11.61
1982-11-01,138.1,6.86333,12.9467,98.0,10.55,431.39,21.44,40.44,8.35,0.04281086830400305,0.004318958293044544,0.04712982659704759,280456.18,4.71,13.78
1982-12-01,139.4,6.87,12.64,97.6,10.54,437.24,21.55,39.65,8.47,0.013560815039755264,0.004162899773600068,0.017723714813355333,285426.9,1.77,14.81
1983-01-01,144.3,6.88333,12.5667,97.8,10.46,451.68,21.55,39.34,8.76,0.03302534077394565,0.004107202756685878,0.03713254353063153,296025.53,3.71,25.48
1983-02-01,146.8,6.89667,12.4933,97.9,10.72,459.03,21.57,39.07,8.91,0.016272582359192274,0.003979587318455544,0.020252169677647817,302020.69,2.03,30.93
1983-03-01,151.9,6.91,12.42,97.9,10.51,474.98,21.61,38.84,9.23,0.03474718427989466,0.003923127754903456,0.03867031203479812,313699.92,3.87,39.68
1983-04-01,157.7,6.92,12.4767,98.6,10.4,489.62,21.48,38.74,9.53,0.030822350414754274,0.0037685797296728284,0.0345909301444271,324551.1,3.46,37.59
1983-05-01,164.1,6.93,12.5333,99.2,10.38,506.41,21.39,38.68,9.87,0.03429189984069282,0.0036405784077447817,0.0379324782484376,336862.12,3.79,43.35
1983-06-01,166.4,6.94,12.59,99.5,10.85,511.96,21.35,38.74,10.0,0.010959499219999514,0.003513292918122997,0.014472792138122512,341737.46,1.45,55.43
1983-07-01,167.0,6.96,12.8267,99.9,11.38,511.74,21.33,39.31,10.01,-0.00042972107195868905,0.0034719509336666927,0.0030422298617080036,342777.1,0.3,56.33
1983-08-01,162.4,6.98,13.0633,100.2,11.85,496.16,21.33,39.91,9.73,-0.030445147926681487,0.0034734435455504747,-0.02697170438113101,333531.82,-2.7,51.22
1983-09-01,167.2,7.0,13.3,100.7,11.65,508.29,21.28,40.43,9.98,0.024447758787487898,0.0035741158765989467,0.028021874664086843,342878.01,2.8,38.96
1983-10-01,167.7,7.03,13.5433,101.0,11.54,508.29,21.31,41.05,10.0,0.0,0.0034937404500055736,0.0034937404500055736,344075.93,0.35,28.47
1983-11-01,165.2,7.06,13.7867,101.2,11.69,499.73,21.36,41.7,9.85,-0.016840779869759393,0.003501937870113518,-0.013338841999645875,339486.36,-1.33,21.05
1983-12-01,164.4,7.09,14.03,101.3,11.83,496.82,21.43,42.4,9.82,-0.005823144498028986,0.0035735964087273793,-0.0022495480893016066,338722.67,-0.22,18.67
1984-01-01,166.4,7.12,14.44,101.9,11.67,499.9,21.39,43.38,9.89,0.006199428364397536,0.0035878185258242422,0.009787246890221778,342037.83,0.98,15.54
1984-02-01,157.3,7.15,14.85,102.4,11.84,470.25,21.38,44.39,9.32,-0.059311862372474454,0.0035640461425618455,-0.05574781622991261,322969.97,-5.57,6.94
1984-03-01,157.4,7.18,15.26,102.6,12.32,469.63,21.42,45.53,9.33,-0.0013184476342371176,0.0037958532695374805,0.002477405635300363,323770.1,0.25,3.21
1984-04-01,157.6,7.22333,15.5733,103.1,12.63,467.95,21.45,46.24,9.31,-0.0035772842450439856,0.0038061878500095818,0.0002289036049655962,323844.21,0.02,-0.22
1984-05-01,156.6,7.26667,15.8867,103.4,13.41,463.63,21.51,47.03,9.23,-0.009231755529436891,0.0038305374505823277,-0.005401218078854564,322095.06,-0.54,-4.38
1984-06-01,153.1,7.31,16.2,103.7,13.56,451.96,21.58,47.82,9.01,-0.025170933718698135,0.0038788114085226,-0.021292122310175535,315236.97,-2.13,-7.75
1984-07-01,151.1,7.33333,16.32,104.1,13.36,444.34,21.57,47.99,8.87,-0.016859899106115597,0.003977121869191964,-0.012882777236923632,311175.84,-1.29,-9.22
1984-08-01,164.4,7.35667,16.44,104.5,12.72,481.6,21.55,48.16,9.62,0.08385470585587625,0.004041574770070967,0.08789628062594722,338527.04,8.79,1.5
1984-09-01,166.1,7.38,16.56,105.0,12.52,484.26,21.52,48.28,9.69,0.005523255813953422,0.0037236987818383164,0.009246954595791739,341657.38,0.92,-0.36
1984-10-01,164.8,7.43,16.5867,105.3,12.16,479.11,21.6,48.22,9.6,-0.010634782967827154,0.0037170115227357207,-0.006917771445091434,339293.88,-0.69,-1.39
1984-11-01,166.3,7.48,16.6133,105.3,11.57,483.47,21.75,48.3,9.69,0.009100206633132294,0.003783056083154182,0.012883262716286476,343665.09,1.29,1.23
1984-12-01,164.5,7.53,16.64,105.3,11.5,478.23,21.89,48.38,9.6,-0.010838314683434358,0.0037730710626650396,-0.0070652436207693185,341237.01,-0.71,0.74
1985-01-01,171.6,7.57333,16.5567,105.5,11.38,497.93,21.98,48.04,10.0,0.04119356794847665,0.0038300957001164014,0.04502366364859305,356600.75,4.5,4.26
1985-02-01,180.9,7.61667,16.4733,106.0,11.51,522.44,22.0,47.57,10.49,0.04922378647601078,0.003681909773127414,0.05290569624913819,375466.96,5.29,16.25
1985-03-01,179.4,7.66,16.39,106.4,11.86,516.16,22.04,47.16,10.37,-0.01202051910267224,0.003515555215271929,-0.008504963887400312,372273.63,-0.85,14.98
1985-04-01,180.6,7.68667,16.13,106.9,11.43,517.18,22.01,46.19,10.4,0.001976131432114038,0.003553484707584212,0.005529616139698251,374332.16,0.55,15.59
1985-05-01,184.9,7.71333,15.87,107.3,10.85,527.52,22.01,45.28,10.61,0.01999303917398204,0.003546476404088841,0.023539515578070883,383143.76,2.35,18.95
1985-06-01,188.9,7.74,15.61,107.6,10.16,537.43,22.02,44.41,10.81,0.018786017591750016,0.0034785410979678495,0.022264558689717866,391674.28,2.23,24.25
1985-07-01,192.5,7.77333,15.4833,107.8,10.31,546.66,22.07,43.97,11.0,0.017174329680144425,0.003422151101848923,0.02059648078199335,399741.4,2.06,28.46
1985-08-01,188.3,7.80667,15.3567,108.0,10.33,533.74,22.13,43.53,10.74,-0.023634434566275123,0.0033735167502042707,-0.020260917816070853,391642.27,-2.03,15.69
1985-09-01,184.1,7.84,15.23,108.3,10.37,520.39,22.16,43.05,10.47,-0.025012178214111783,0.0034598618553353068,-0.021552316358776476,383201.47,-2.16,12.16
1985-10-01,186.2,7.86,15.0233,108.7,10.24,524.39,22.14,42.31,10.55,0.007686542785218778,0.0035454178596821613,0.011231960644900939,387505.57,1.12,14.21
1985-11-01,197.5,7.88,14.8167,109.0,9.78,554.68,22.13,41.61,11.16,0.05776235244760572,0.003516784581450193,0.061279137029055915,411251.58,6.13,19.67
1985-12-01,207.3,7.9,14.61,109.3,9.26,580.61,22.13,40.92,11.69,0.04674767433475169,0.0033247397899088963,0.05007241412466058,431843.94,5.01,26.55
1986-01-01,208.2,7.94,14.58,109.6,9.19,581.53,22.18,40.72,11.72,0.0015845403971684246,0.0031834335153258357,0.004767973912494261,433902.96,0.48,21.68
1986-02-01,219.4,7.98,14.55,109.3,8.7,614.5,22.35,40.75,12.39,0.05669526937561266,0.0032027582411913403,0.059898027616803996,459892.89,5.99,22.49
1986-03-01,232.3,8.02,14.52,108.8,7.78,653.62,22.57,40.85,13.19,0.06366151342554924,0.0030607540005424465,0.06672226742609168,490577.99,6.67,31.78
1986-04-01,238.0,8.04667,14.5833,108.6,7.3,670.89,22.68,41.11,13.55,0.026422080107707815,0.0028915883846883507,0.029313668492396167,504958.63,2.93,34.9
1986-05-01,238.5,8.07333,14.6467,108.9,7.71,670.44,22.69,41.17,13.56,-0.0006707507937216709,0.0028183954647309295,0.0021476446710092588,506043.1,0.21,32.08
1986-06-01,245.3,8.1,14.71,109.5,7.8,685.78,22.65,41.12,13.89,0.022880496390430043,0.002815315315315315,0.025695811705745357,519046.29,2.57,32.52
1986-07-01,240.2,8.14333,14.7567,109.5,7.3,671.52,22.77,41.26,13.62,-0.020793840590276752,0.0027669223366094085,-0.018026918253667343,509689.48,-1.8,27.5
1986-08-01,245.0,8.18667,14.8033,109.7,7.17,683.69,22.85,41.31,13.89,0.018123064093400157,0.0028356067826225085,0.020958670876022666,520371.9,2.1,32.87
1986-09-01,238.3,8.23,14.85,110.2,7.45,661.98,22.86,41.25,13.47,-0.031754157586040506,0.0027863505389869674,-0.02896780704705354,505297.87,-2.9,31.86
1986-10-01,237.4,8.24667,14.7267,110.3,7.43,658.88,22.89,40.87,13.43,-0.00468292093416723,0.002881506994169008,-0.001801413939998222,504387.62,-0.18,30.16
1986-11-01,245.1,8.26333,14.6033,110.4,7.25,679.64,22.91,40.49,13.87,0.03150801359883437,0.002897593896713615,0.03440560749554799,521741.38,3.44,26.87
1986-12-01,248.6,8.28,14.48,110.5,7.11,688.72,22.94,40.12,14.09,0.013360014125125127,0.002812763619955663,0.01617277774508079,530179.39,1.62,22.77
1987-01-01,264.5,8.3,14.6867,111.2,7.08,728.15,22.85,40.43,14.92,0.05725113253571836,0.0027647907228869014,0.06001592325860526,561998.59,6.0,29.52
1987-02-01,280.9,8.32,14.8933,111.6,7.25,770.53,22.82,40.85,15.82,0.05820229348348554,0.0026116413742589667,0.06081393485774451,596175.94,6.08,29.63
1987-03-01,292.5,8.34,15.1,112.1,7.25,798.77,22.78,41.24,16.43,0.036650097984504186,0.0024636721910027298,0.039113770175506914,619494.62,3.91,26.28
1987-04-01,289.3,8.4,14.8733,112.7,8.02,785.83,22.82,40.4,16.2,-0.016199907357562177,0.0023807437268133086,-0.013819163630748869,610933.73,-1.38,20.99
1987-05-01,289.1,8.46,14.6467,113.1,8.61,782.51,22.9,39.64,16.16,-0.004224832342873204,0.002428430237243848,-0.0017964021056293563,609836.24,-0.18,20.51
1987-06-01,301.4,8.52,14.42,113.5,8.4,812.92,22.98,38.89,16.83,0.038862123167755,0.0024472530702483036,0.041309376238003306,635028.2,4.13,22.35
1987-07-01,310.1,8.56667,14.9,113.8,8.45,834.18,23.04,40.08,17.31,0.026152634945628098,0.002361856025193131,0.02851449097082123,653135.71,2.85,28.14
1987-08-01,329.4,8.61333,15.38,114.4,8.76,881.45,23.05,41.16,18.33,0.0566664269102593,0.002302660496935114,0.058969087407194413,691650.52,5.9,32.91
1987-09-01,318.7,8.66,15.86,115.0,9.42,848.37,23.05,42.22,17.68,-0.037529071416416176,0.0021791744663149735,-0.035349896950101205,667200.75,-3.53,32.04
1987-10-01,280.2,8.71,16.4067,115.3,9.52,743.95,23.13,43.56,15.53,-0.1230830887466553,0.0022720039605360867,-0.12081108478611921,586595.5,-12.08,16.3
1987-11-01,245.0,8.76,16.9533,115.4,8.86,649.92,23.24,44.97,13.59,-0.12639290274884077,0.0026032215426663977,-0.12378968120617437,513981.03,-12.38,-1.49
1987-12-01,241.0,8.81,17.5,115.4,8.99,639.31,23.37,46.42,13.39,-0.01632508616445103,0.0029965226489414086,-0.013328563515509623,507130.4,-1.33,-4.35
1988-01-01,250.5,8.85667,17.8633,115.7,8.67,662.79,23.43,47.26,13.9,0.03672709640080715,0.003054073923448718,0.03978117032425587,527304.64,3.98,-6.17
1988-02-01,258.1,8.90333,18.2267,116.0,8.21,681.13,23.5,48.1,14.3,0.027670906320252316,0.0029546814727641232,0.03062558779301644,543453.66,3.06,-8.84
1988-03-01,265.7,8.95,18.59,116.5,8.37,698.18,23.52,48.85,14.67,0.025031932230264346,0.0028775710950919796,0.027909503325356324,558621.18,2.79,-9.83
1988-04-01,262.6,9.04333,19.6167,117.1,8.72,686.5,23.64,51.28,14.43,-0.016729210232318242,0.002821621931307113,-0.01390758830101113,550852.11,-1.39,-9.83
1988-05-01,256.1,9.13667,20.6433,117.5,9.09,667.23,23.8,53.78,14.03,-0.028069919883466833,0.002889050740470988,-0.025180869142995846,536981.17,-2.52,-11.95
1988-06-01,270.7,9.23,21.67,118.0,8.92,702.28,23.95,56.22,14.77,0.0525306116331699,0.0029912224170575864,0.05552183405022749,566795.35,5.55,-10.74
1988-07-01,269.1,9.30667,22.0233,118.5,9.06,695.18,24.04,56.89,14.61,-0.010109927664179561,0.002852613392568966,-0.007257314271610596,562681.94,-0.73,-13.85
1988-08-01,263.7,9.38333,22.3767,119.0,9.26,678.37,24.14,57.56,14.24,-0.024180787709657852,0.002893734955934674,-0.02128705275372318,550704.1,-2.13,-20.38
1988-09-01,268.0,9.46,22.73,119.8,8.98,684.83,24.17,58.08,14.37,0.009522826775948283,0.0029691269759374184,0.012491953751885701,557583.47,1.25,-16.43
1988-10-01,277.4,9.55,23.0733,120.2,8.8,706.49,24.32,58.76,14.81,0.031628287312179613,0.002959371912250729,0.03458765922443034,576868.98,3.46,-1.66
1988-11-01,271.0,9.64,23.4167,120.3,8.96,689.61,24.53,59.59,14.45,-0.023892765644241244,0.002893412032253347,-0.020999353611987896,564755.1,-2.1,9.88
1988-12-01,276.5,9.75,23.75,120.5,9.11,702.44,24.77,60.34,14.7,0.018604718609068954,0.0029932377237375713,0.021597956332806527,576952.66,2.16,13.77
1989-01-01,285.4,9.81333,24.16,121.1,9.09,721.46,24.81,61.07,15.09,0.02707704572632535,0.002943311884289049,0.0300203576106144,594272.98,3.0,12.7
1989-02-01,294.0,9.89667,24.56,121.6,9.17,740.14,24.91,61.83,15.47,0.025891941341169226,0.002877267392971659,0.028769208734140884,611369.74,2.88,12.5
1989-03-01,292.7,10.01,24.96,122.3,9.36,732.65,25.06,62.48,15.3,-0.010119707082443875,0.002821538267534971,-0.007298168814908904,606907.86,-0.73,8.64
1989-04-01,302.3,10.0867,25.0467,123.1,9.18,751.77,25.08,62.29,15.69,0.026097044973725524,0.0028526581587388247,0.02894970313246435,624477.67,2.89,13.37
1989-05-01,313.9,10.1933,25.1333,123.8,8.86,776.2,25.21,62.15,16.19,0.032496641259959914,0.0027945160532254995,0.03529115731318541,646516.21,3.53,20.4
1989-06-01,323.7,10.37,25.22,124.1,8.28,798.5,25.58,62.21,16.64,0.02872970883792831,0.0027462853216524944,0.03147599415958081,666865.95,3.15,17.66
1989-07-01,331.9,10.4233,24.71,124.4,8.02,816.75,25.65,60.81,17.01,0.022855353788353162,0.002676894176581089,0.02553224796493425,683892.53,2.55,21.54
1989-08-01,346.6,10.5467,24.2,124.6,8.11,851.56,25.91,59.46,17.73,0.04262014080195892,0.0026436077951229467,0.04526374859708186,714848.07,4.53,29.81
1989-09-01,347.3,10.73,23.69,125.0,8.19,850.54,26.28,58.02,17.71,-0.0011978016816195944,0.002571750669359763,0.0013739489877401688,715830.24,0.14,28.38
1989-10-01,347.4,10.7967,23.4267,125.6,8.01,846.73,26.32,57.1,17.64,-0.00447950713664254,0.0025787538896857682,-0.0019007532469567717,714469.62,-0.19,23.85
1989-11-01,340.2,10.9233,23.1633,125.9,7.87,827.2,26.56,56.32,17.24,-0.023065203783968882,0.0026139776945819015,-0.02045122608938698,699857.84,-2.05,23.92
1989-12-01,348.6,11.06,22.87,126.1,7.84,846.28,26.85,55.52,17.65,0.02306576402321074,0.0027049081237911026,0.025770672147001843,717893.65,2.58,24.43
1990-01-01,339.97,11.14,22.49,127.4,8.21,816.91,26.77,54.04,17.05,-0.03470482582596777,0.002636046383387689,-0.032068779442580075,694871.68,-3.21,16.93
1990-02-01,330.45,11.23,22.08,128.0,8.47,790.31,26.86,52.81,16.51,-0.03256172650597988,0.002739999918391663,-0.02982172658758822,674149.4,-2.98,10.27
1990-03-01,338.46,11.32,21.67,128.7,8.59,805.07,26.93,51.54,16.83,0.018676215662208635,0.002839603024973323,0.021515818687181956,688654.28,2.15,13.47
1990-04-01,338.18,11.4367,21.5333,128.9,8.79,803.15,27.16,51.14,16.81,-0.0023848857863292294,0.0028113497377039672,0.00042646395137473786,688947.97,0.04,10.32
1990-05-01,350.25,11.5533,21.3967,129.2,8.76,829.89,27.37,50.7,17.39,0.033293905248085676,0.0028398597190230136,0.03613376496710869,713842.25,3.61,10.41
1990-06-01,360.39,11.66,21.26,129.9,8.48,849.31,27.48,50.1,17.82,0.02340069165793052,0.002759401848437745,0.026160093506368266,732516.43,2.62,9.84
1990-07-01,360.03,11.7267,21.42,130.4,8.47,845.21,27.53,50.29,17.75,-0.0048274481638034515,0.002701212356697398,-0.0021262358071060536,730958.93,-0.21,6.88
1990-08-01,330.75,11.7833,21.58,131.6,8.75,769.39,27.41,50.2,16.17,-0.0897055169721135,0.002702484195249307,-0.08700303277686419,667363.28,-8.7,-6.64
1990-09-01,315.41,11.83,21.74,132.7,8.89,727.62,27.29,50.15,15.3,-0.05428976201926199,0.002955804815069947,-0.051333957204192045,633104.89,-5.13,-11.56
1990-10-01,307.12,11.9267,21.6067,133.5,8.72,704.25,27.35,49.55,14.82,-0.03211841345757401,0.003132358465499391,-0.02898605499207462,614753.67,-2.9,-13.96
1990-11-01,315.29,12.0133,21.4733,133.8,8.39,721.37,27.49,49.13,15.19,0.024309549165779203,0.0032528694829014313,0.027562418648680635,631697.77,2.76,-9.74
1990-12-01,328.75,12.09,21.34,133.8,8.08,752.16,27.66,48.82,15.85,0.04268267324673879,0.0031953089260712258,0.04587798217281002,660678.79,4.59,-7.97
1991-01-01,325.49,12.1067,21.1833,134.6,8.09,740.28,27.53,48.18,15.61,-0.01579451180599872,0.003050104587676381,-0.012744407218322339,652258.83,-1.27,-6.13
1991-02-01,362.26,12.1133,21.0267,134.8,7.85,822.68,27.51,47.75,17.35,0.11130923434376179,0.0030968012103528395,0.11440603555411463,726881.18,11.44,7.82
1991-03-01,372.28,12.11,20.94,135.0,8.11,844.19,27.46,47.48,17.82,0.02614625370739547,0.0027815594560866115,0.028927813163482082,747908.26,2.89,8.6
1991-04-01,379.68,12.13,20.3633,135.2,8.04,859.69,27.47,46.11,18.16,0.018360795555502907,0.0027116723328476605,0.021072467888350568,763668.53,2.11,10.85
1991-05-01,377.99,12.14,19.8567,135.6,8.07,853.34,27.41,44.83,18.04,-0.007386383463806747,0.0026569654953142023,-0.0047294179684925445,760056.82,-0.47,6.47
1991-06-01,378.29,12.15,19.41,136.0,8.28,851.51,27.35,43.69,18.02,-0.002144514495980548,0.0026708775712689743,0.0005263630752884263,760456.89,0.05,3.81
1991-07-01,380.23,12.1933,18.84,136.2,8.27,854.62,27.41,42.35,18.1,0.0036523352632382633,0.0026824895381929357,0.0063348248014311985,765274.25,0.63,4.69
1991-08-01,389.4,12.2367,18.33,136.6,7.9,872.67,27.42,41.08,18.51,0.021120497999110664,0.0026737029322973956,0.02379420093140806,783483.34,2.38,17.4
1991-09-01,387.2,12.28,17.82,137.2,7.65,863.94,27.4,39.76,18.36,-0.010003781498160709,0.002616491151676273,-0.007387290346484436,777695.52,-0.74,22.84
1991-10-01,386.88,12.2533,17.2033,137.4,7.53,861.97,27.3,38.33,18.35,-0.002280250943352579,0.002633284718846216,0.0003530337754936372,777970.07,0.04,26.55
1991-11-01,385.92,12.2267,16.5867,137.8,7.42,857.33,27.16,36.85,18.29,-0.005383017970462993,0.0026257681048451028,-0.0027572498656178905,775825.02,-0.28,22.82
1991-12-01,388.51,12.2,15.97,137.9,7.09,862.46,27.08,35.45,18.44,0.005983693560239342,0.0026322030801052875,0.00861589664034463,782509.44,0.86,18.44
1992-01-01,416.08,12.24,16.0467,138.1,7.03,922.33,27.13,35.57,19.77,0.06941771212577975,0.002621377609782869,0.07203908973556263,838880.71,7.2,28.61
1992-02-01,412.56,12.28,16.1233,138.6,7.34,911.23,27.12,35.61,19.58,-0.012034738108919824,0.0024503160474016895,-0.009584422061518135,830840.53,-0.96,14.3
1992-03-01,407.36,12.32,16.19,139.3,7.54,895.22,27.07,35.58,19.28,-0.017569658593329884,0.0024755915996327307,-0.015094066993697152,818299.76,-1.51,9.41
1992-04-01,407.41,12.32,16.4833,139.5,7.48,894.05,27.04,36.17,19.3,-0.001306941310515932,0.002517072153586083,0.001210130843070151,819290.01,0.12,7.28
1992-05-01,414.81,12.32,16.7667,139.7,7.39,908.98,27.0,36.74,19.66,0.01669928974889555,0.002516637771936693,0.019215927520832243,835033.43,1.92,9.86
1992-06-01,408.27,12.32,17.05,140.2,7.26,891.46,26.9,37.23,19.32,-0.019274351470879428,0.0024661342017059415,-0.016808217269173486,820998.01,-1.68,7.96
1992-07-01,415.05,12.3433,17.38,140.5,6.84,904.33,26.89,37.87,19.62,0.014436991003522316,0.0025136667190152483,0.016950657722537565,834914.46,1.7,9.1
1992-08-01,417.93,12.3667,17.71,140.9,6.59,908.02,26.87,38.48,19.72,0.004080368891886746,0.0024760504093269786,0.006556419301213725,840388.51,0.66,7.26
1992-09-01,418.48,12.4,18.04,141.3,6.42,906.64,26.86,39.08,19.71,-0.0015197903129886958,0.002465070519738919,0.0009452802067502234,841182.92,0.09,8.16
1992-10-01,412.5,12.3867,18.39,141.8,6.59,890.53,26.74,39.7,19.37,-0.017768904967793184,0.002457792876261066,-0.015311112091532119,828303.47,-1.53,6.47
1992-11-01,422.84,12.3833,18.74,142.0,6.87,911.57,26.7,40.4,19.83,0.023626379796301167,0.002498512121994767,0.026124891918295933,849942.81,2.61,9.55
1992-12-01,435.64,12.39,19.09,141.9,6.77,939.83,26.73,41.18,20.45,0.031001459021249043,0.002443586340050682,0.033445045361299726,878369.18,3.34,12.25
1993-01-01,435.23,12.4133,19.34,142.6,6.6,934.33,26.65,41.52,20.32,-0.0058521221923113756,0.0023630160064408807,-0.003489106185870495,875304.46,-0.35,4.34
1993-02-01,441.7,12.4467,19.59,143.1,6.26,944.91,26.63,41.91,20.55,0.011323622274785061,0.0023751422588022078,0.013698764533587269,887295.05,1.37,6.79
1993-03-01,450.16,12.48,19.84,143.6,5.98,959.65,26.6,42.3,20.86,0.015599369252098094,0.0023459024316248816,0.017945271683722976,903217.8,1.79,10.38
1993-04-01,443.08,12.4933,19.67,144.0,5.97,941.94,26.56,41.82,20.46,-0.018454644922627963,0.002306396429253721,-0.01614824849337424,888632.42,-1.61,8.46
1993-05-01,445.25,12.5067,19.5,144.2,6.04,945.24,26.55,41.4,20.52,0.0035034078603732237,0.0023488757245684437,0.005852283584941668,893832.94,0.59,7.04
1993-06-01,448.06,12.52,19.33,144.4,5.96,949.89,26.54,40.98,20.61,0.0049193855528754365,0.0023397937737153172,0.007259179326590754,900321.44,0.73,9.66
1993-07-01,447.29,12.52,19.69,144.4,5.81,948.25,26.54,41.74,20.56,-0.001726515701818091,0.0023283397726754323,0.0006018240708573414,900863.27,0.06,7.9
1993-08-01,454.13,12.52,20.05,144.8,5.68,960.09,26.47,42.39,20.81,0.01248615871341949,0.002326214957377625,0.014812373670797116,914207.2,1.48,8.78
1993-09-01,459.24,12.52,20.41,145.1,5.36,968.89,26.41,43.06,20.99,0.009165807372225472,0.0022923198172393557,0.011458127189464828,924682.3,1.15,9.93
1993-10-01,463.9,12.54,20.9,145.7,5.33,974.69,26.35,43.91,21.11,0.00598623166716559,0.0022663391441064863,0.008252570811272076,932313.31,0.83,12.56
1993-11-01,462.89,12.56,21.39,145.8,5.72,971.9,26.37,44.91,21.04,-0.002862448573392645,0.0022545629892581232,-0.0006078855841345219,931746.57,-0.06,9.62
1993-12-01,465.95,12.58,21.89,145.8,5.77,978.33,26.41,45.96,21.16,0.0066159069863155305,0.0022644647940460267,0.008880371780361558,940020.82,0.89,7.02
1994-01-01,472.99,12.6233,22.1567,146.2,5.75,990.39,26.43,46.39,21.41,0.012327128882892219,0.0022512853536127892,0.014578414236505008,953724.83,1.46,8.96
1994-02-01,471.58,12.6667,22.4333,146.7,5.97,984.07,26.43,46.81,21.26,-0.0063813245287209445,0.0022238714041943075,-0.0041574531245266375,949759.77,-0.42,7.04
1994-03-01,463.81,12.71,22.71,147.2,6.48,964.57,26.43,47.23,20.83,-0.019815663519871553,0.0022381537898726717,-0.017577509729998882,933065.36,-1.76,3.3
1994-04-01,447.23,12.7533,23.54,147.4,6.97,928.83,26.49,48.89,20.06,-0.037052779995231044,0.0022885845506287776,-0.03476419544460227,900628.09,-3.48,1.35
1994-05-01,450.9,12.7967,24.37,147.5,7.18,935.82,26.56,50.58,20.2,0.007525596718452256,0.0023829261902967532,0.00990852290874901,909551.98,0.99,1.76
1994-06-01,454.83,12.84,25.2,148.0,7.1,940.78,26.56,52.12,20.29,0.005300164561560901,0.0023651271968256004,0.007665291758386501,916523.97,0.77,1.8
1994-07-01,451.4,12.87,25.91,148.4,7.3,931.17,26.55,53.45,20.07,-0.010214928038436205,0.002351771933927167,-0.007863156104509038,909317.19,-0.79,0.94
1994-08-01,464.24,12.9,26.62,149.0,7.24,953.8,26.5,54.69,20.54,0.024302758894723837,0.0023715683852930545,0.026674327280016893,933572.62,2.67,2.12
1994-09-01,466.96,12.92,27.33,149.4,7.46,956.82,26.47,56.0,20.58,0.0031662822394633,0.002312679108128888,0.005478961347592189,938687.63,0.55,1.51
1994-10-01,463.81,13.0133,28.42,149.5,7.74,949.73,26.65,58.19,20.4,-0.0074099621663427095,0.0023210565553953024,-0.005088905610947407,933910.73,-0.51,0.17
1994-11-01,461.01,13.0967,29.51,149.7,7.96,942.74,26.78,60.35,20.21,-0.007359986522485347,0.0023497906422527107,-0.005010195880232637,929231.66,-0.5,-0.27
1994-12-01,455.19,13.17,30.6,149.7,7.81,930.84,26.93,62.58,19.91,-0.012622780406050424,0.0023804725233539117,-0.010242307882696512,919714.18,-1.02,-2.16
1995-01-01,465.25,13.18,31.25,150.3,7.78,947.61,26.84,63.65,20.22,0.018015985561428367,0.0024028476071791785,0.020418833168607545,938493.67,2.04,-1.6
1995-02-01,481.92,13.18,31.9,150.9,7.47,977.66,26.74,64.71,20.8,0.03171135804814212,0.0023515299894823114,0.03406288803762443,970461.48,3.41,2.18
1995-03-01,493.15,13.17,32.55,151.4,7.2,997.14,26.63,65.82,21.15,0.019925127344884743,0.0022698756895716985,0.022195003034456443,992000.87,2.22,6.32
1995-04-01,507.91,13.2433,33.1767,151.9,7.06,1023.6,26.69,66.86,21.64,0.026535892652987583,0.0022305460283076266,0.02876643868129521,1020537.21,2.88,13.31
1995-05-01,523.81,13.3067,33.8033,152.2,6.63,1053.57,26.76,67.99,22.2,0.02927901524032817,0.0021785853849159826,0.03145760062524415,1052640.86,3.15,15.73
1995-06-01,539.35,13.36,34.43,152.5,6.17,1082.69,26.82,69.11,22.72,0.02763935951099606,0.0021213588086221136,0.029760718319618174,1083968.21,2.98,18.27
1995-07-01,557.37,13.44,34.68,152.5,6.28,1118.86,26.98,69.62,23.38,0.0334075312416295,0.002076617806882241,0.03548414904851174,1122431.89,3.55,23.44
1995-08-01,559.11,13.51,34.93,152.9,6.49,1119.42,27.05,69.93,23.28,0.0005005094471159688,0.002014699485786128,0.002515208932902097,1125255.05,0.25,20.53
1995-09-01,578.77,13.58,35.18,153.2,6.2,1156.51,27.14,70.3,23.95,0.033133229708241695,0.0020203915122712357,0.03515362122051293,1164811.83,3.52,24.09
1995-10-01,582.92,13.65,34.7733,153.7,6.04,1161.01,27.19,69.26,23.93,0.0038910169388937407,0.0019591990846022376,0.005850216023495978,1171626.24,0.59,25.45
1995-11-01,595.53,13.72,34.3667,153.6,5.93,1186.9,27.34,68.49,24.35,0.022299549530150557,0.001962371842906894,0.024261921373057452,1200052.14,2.43,29.14
1995-12-01,614.57,13.79,33.96,153.5,5.71,1225.65,27.5,67.73,25.03,0.032648074816749514,0.0019308001235712076,0.03457887494032072,1241548.59,3.46,34.99
1996-01-01,614.42,13.8933,33.9867,154.4,5.65,1218.21,27.55,67.39,24.76,-0.00607024843960352,0.00187315574049144,-0.00419709269911208,1236337.7,-0.42,31.74
1996-02-01,649.54,13.9967,34.0133,154.9,5.81,1283.68,27.66,67.22,25.98,0.05374278654747541,0.001892120406169708,0.05563490695364512,1305121.23,5.56,34.48
1996-03-01,647.07,14.1,34.04,155.7,6.27,1272.23,27.72,66.93,25.63,-0.008919668453197093,0.0017995138975445593,-0.007120154555652534,1295828.57,-0.71,30.63
1996-04-01,647.17,14.1567,34.33,156.3,6.51,1267.54,27.73,67.24,25.42,-0.003686440344906231,0.001816364441440096,-0.0018700759034661351,1293405.27,-0.19,26.74
1996-05-01,661.23,14.2133,34.62,156.6,6.74,1292.6,27.78,67.68,25.81,0.019770579232213537,0.0018263723432791075,0.021596951575492643,1321338.88,2.16,25.53
1996-06-01,668.5,14.27,34.91,156.7,6.91,1305.97,27.88,68.2,25.97,0.010343493733560359,0.0017974109030893806,0.012140904636649739,1337381.13,1.21,23.38
1996-07-01,644.07,14.4,35.2733,157.0,6.87,1255.84,28.08,68.78,24.86,-0.03838526152974426,0.0017917716333453295,-0.03659348989639893,1288441.69,-3.66,14.79
1996-08-01,662.68,14.53,35.6367,157.3,6.64,1289.67,28.28,69.35,25.41,0.026938144986622625,0.0018765660169023659,0.02881471100352499,1325567.76,2.88,17.8
1996-09-01,674.88,14.66,36.0,157.8,6.83,1309.25,28.44,69.84,25.68,0.015182178386719026,0.0018376794063597664,0.017019857793078793,1348128.73,1.7,15.74
1996-10-01,701.46,14.74,36.91,158.3,6.53,1356.51,28.5,71.38,26.48,0.036097002100439174,0.0018140156578193623,0.03791101775825854,1399237.67,3.79,19.43
1996-11-01,735.67,14.82,37.82,158.6,6.2,1419.98,28.61,73.0,27.59,0.04678918695770767,0.0017575739704585051,0.04854676092816617,1467166.12,4.85,22.26
1996-12-01,743.25,14.9,38.73,158.6,6.3,1434.61,28.76,74.76,27.72,0.010302962013549403,0.0016878171993032767,0.01199077921285268,1484758.59,1.2,19.59
1997-01-01,766.22,14.9533,39.2333,159.1,6.58,1474.3,28.77,75.49,28.33,0.027666055583050485,0.0016711858972124829,0.02933724148026297,1528317.31,2.93,23.62
1997-02-01,798.39,15.0067,39.7367,159.6,6.42,1531.39,28.78,76.22,29.27,0.03872346198195764,0.0016267607226028173,0.04035022270456046,1589985.25,4.04,21.83
1997-03-01,792.16,15.06,40.24,160.0,6.69,1515.64,28.81,76.99,28.8,-0.010284773963523335,0.001567747819519086,-0.008717026144004249,1576125.31,-0.87,21.63
1997-04-01,763.93,15.0933,40.3433,160.2,6.89,1459.8,28.84,77.09,27.59,-0.03684252197091667,0.0015856887739392818,-0.03525683319697739,1520556.12,-3.53,17.56
1997-05-01,833.09,15.1267,40.4467,160.1,6.71,1592.95,28.92,77.34,29.93,0.0912111248116181,0.0016509110837100974,0.0928620358953282,1661758.06,9.29,25.76
1997-06-01,876.29,15.16,40.55,160.3,6.49,1673.47,28.95,77.44,31.26,0.05054772591732319,0.001514485702627201,0.052062211619950394,1748272.86,5.21,30.72
1997-07-01,925.29,15.2167,40.58,160.5,6.22,1764.84,29.02,77.4,32.77,0.054599126366173215,0.0014451010973207368,0.056044227463493954,1846253.46,5.6,43.29
1997-08-01,927.24,15.2733,40.61,160.8,6.3,1765.26,29.08,77.31,32.59,0.00023798191337462478,0.0013731178652644622,0.001611099778639087,1849227.96,0.16,39.5
1997-09-01,937.02,15.33,40.64,161.2,6.21,1779.45,29.11,77.18,32.67,0.008038475918561603,0.0013742073877691294,0.009412683306330733,1866634.16,0.94,38.46
1997-10-01,951.16,15.3867,40.3333,161.6,6.03,1801.83,29.15,76.41,32.9,0.012576919834780343,0.0013651221819476055,0.013942042016727949,1892658.85,1.39,35.26
1997-11-01,938.92,15.4433,40.0267,161.5,5.88,1779.75,29.27,75.87,32.34,-0.012254208221641291,0.0013537163143396806,-0.01090049190730161,1872027.94,-1.09,27.59
1997-12-01,962.37,15.5,39.72,161.3,5.81,1826.46,29.42,75.38,33.03,0.02624525916561317,0.0013775342978882802,0.02762279346350145,1923738.58,2.76,29.57
1998-01-01,963.36,15.55,39.66,161.6,5.54,1824.94,29.46,75.13,32.86,-0.0008322109435738981,0.0013441301753118055,0.0005119192317379074,1924723.38,0.05,25.94
1998-02-01,1023.74,15.6,39.6,161.9,5.57,1935.73,29.5,74.88,34.71,0.060708845222308655,0.0013470762509087057,0.06205592147321736,2044163.86,6.21,28.56
1998-03-01,1076.83,15.64,39.54,162.2,5.65,2032.35,29.52,74.63,36.3,0.04991398593812148,0.001270838391717853,0.05118482432983933,2148794.03,5.12,36.33
1998-04-01,1112.2,15.75,39.35,162.5,5.64,2095.23,29.67,74.13,37.28,0.030939552734519208,0.0012165719487293037,0.032156124683248515,2217890.92,3.22,45.86
1998-05-01,1108.42,15.85,39.16,162.8,5.65,2084.26,29.8,73.64,36.96,-0.005235702047030541,0.0011852318520321557,-0.004050470194998385,2208907.42,-0.41,32.93
1998-06-01,1108.39,15.95,38.97,163.0,5.5,2081.65,29.96,73.19,36.8,-0.0012522430023126324,0.0011978671886744773,-5.437581363815507e-05,2208787.3,-0.01,26.34
1998-07-01,1156.58,16.0167,38.6767,163.2,5.46,2169.49,30.04,72.55,38.26,0.04219729541469492,0.001202571677915756,0.04339986709261068,2304648.38,4.34,24.83
1998-08-01,1074.62,16.0833,38.3833,163.4,5.34,2013.28,30.13,71.91,35.42,-0.07200309750217786,0.001157338053336652,-0.07084575944884121,2141373.82,-7.08,15.8
1998-09-01,1020.64,16.14,38.09,163.6,4.81,1909.82,30.2,71.27,33.53,-0.05138877851068904,0.001250033113459959,-0.05013874539722908,2034008.02,-5.01,8.97
1998-10-01,1032.47,16.1667,37.9633,164.0,4.53,1927.24,30.18,70.86,33.77,0.009121278445089104,0.0013168780303902986,0.010438156475479403,2055239.31,1.04,8.59
1998-11-01,1144.43,16.1833,37.8367,164.0,4.83,2136.23,30.21,70.63,37.37,0.10844004898196385,0.0013062721819804488,0.10974632116394431,2280794.27,10.97,21.84
1998-12-01,1190.05,16.2,37.71,163.9,4.65,2222.74,30.26,70.43,38.82,0.04049657574324851,0.0011804284494959189,0.04167700419274443,2375850.94,4.17,23.5
1999-01-01,1248.77,16.28333333,37.93333333,164.3,4.72,2326.74,30.34,70.68,40.58,0.04678909814013335,0.0011374849660029213,0.047926583106136275,2489717.36,4.79,29.35
1999-02-01,1246.58,16.36666667,38.15666667,164.5,5.0,2319.83,30.46,71.01,40.4,-0.002969820435458992,0.0010909398271114665,-0.0018788806083475254,2485039.47,-0.19,21.57
1999-03-01,1281.66,16.45,38.38,165.0,5.23,2377.89,30.52,71.21,41.36,0.025027695994965127,0.0010963447034193598,0.026124040698384487,2549958.75,2.61,18.67
1999-04-01,1334.76,16.45,39.26,166.2,5.18,2458.52,30.3,72.31,42.7,0.033908212743230394,0.0010618657717556322,0.03497007851498603,2639131.0,3.5,18.99
1999-05-01,1332.07,16.45,40.14,166.2,5.54,2453.57,30.3,73.93,42.56,-0.002013406439646543,0.0010270406586076176,-0.0009863657810389253,2636527.86,-0.1,19.36
1999-06-01,1322.55,16.45,41.02,166.2,5.9,2436.03,30.3,75.56,42.18,-0.007148766898845341,0.001029112680706073,-0.0061196542181392675,2620393.22,-0.61,18.63
1999-07-01,1380.99,16.513333333333335,42.0,166.7,5.79,2536.05,30.33,77.13,43.83,0.041058607652615105,0.001037548798660115,0.04209615645127522,2730701.7,4.21,18.49
1999-08-01,1327.49,16.576666666666668,42.98,167.1,5.94,2431.96,30.37,78.74,41.93,-0.041044143451430426,0.0009979429953405228,-0.040046200456089906,2621347.47,-4.0,22.41
1999-09-01,1318.17,16.64,43.96,167.9,5.92,2403.38,30.34,80.15,41.32,-0.011751838023651675,0.0010396278447562185,-0.010712210178895457,2593267.05,-1.07,27.5
1999-10-01,1300.01,16.656666666666666,45.36333333333334,168.2,6.11,2366.05,30.32,82.56,40.55,-0.015532292022068888,0.0010512972008865293,-0.014480994821182359,2555713.96,-1.45,24.35
1999-11-01,1391.0,16.673333333333332,46.76666666666667,168.3,6.03,2530.14,30.33,85.07,43.21,0.06935187337545685,0.0010682360896853405,0.0704201094651422,2735687.62,7.04,19.94
1999-12-01,1428.68,16.69,48.17,168.3,6.28,2598.68,30.36,87.62,44.2,0.027089410072169907,0.0009999446670935204,0.02808935473926343,2812531.32,2.81,18.38
2000-01-01,1425.59,16.713333333333335,49.09666666666667,168.8,6.66,2585.38,30.31,89.04,43.77,-0.005117982975972312,0.0009719678195596739,-0.0041460151564126375,2800870.52,-0.41,12.5
2000-02-01,1388.87,16.736666666666668,50.02333333333333,169.8,6.52,2503.95,30.17,90.19,42.19,-0.03149633709551412,0.0009724553708416815,-0.030523881724672436,2715377.08,-3.05,9.27
2000-03-01,1442.21,16.76,50.95,171.2,6.26,2578.86,29.97,91.11,43.22,0.0299167315641288,0.0009974240699694484,0.03091415563409825,2799320.67,3.09,9.78
2000-04-01,1461.36,16.740000000000002,51.27333333333333,171.3,5.99,2611.57,29.92,91.63,43.53,0.012683899087193579,0.0009668354751065717,0.01365073456230015,2837533.45,1.37,7.52
2000-05-01,1418.48,16.72,51.59666666666667,171.5,6.44,2531.99,29.85,92.1,41.97,-0.03047209150051516,0.0009524921790340677,-0.029519599321481092,2753770.6,-2.95,4.45
2000-06-01,1461.96,16.7,51.92,172.4,6.1,2595.98,29.65,92.19,42.78,0.02527261166118359,0.0009758464027635707,0.026248458063947162,2826052.83,2.62,7.85
2000-07-01,1473.0,16.583333333333332,52.51333333333334,172.8,6.05,2609.52,29.38,93.03,42.76,0.005215756669928105,0.0009431248828316601,0.006158881552759766,2843458.16,0.62,4.13
2000-08-01,1485.46,16.46666666666667,53.10666666666666,172.8,5.83,2631.6,29.17,94.08,42.87,0.008461326220914164,0.0009315250825183688,0.009392851303432533,2870166.34,0.94,9.49
2000-09-01,1468.05,16.35,53.7,173.7,5.8,2587.28,28.82,94.64,41.9,-0.016841465268277744,0.0009126260323250748,-0.015928839235952667,2824447.92,-1.59,8.91
2000-10-01,1390.14,16.323333333333334,52.46666666666667,174.0,5.74,2445.75,28.72,92.31,39.37,-0.05470223555239487,0.0009250383929583706,-0.0537771971594365,2672557.03,-5.38,4.57
2000-11-01,1378.04,16.296666666666667,51.23333333333333,174.1,5.72,2423.07,28.66,90.09,38.78,-0.0092732290708371,0.0009765239020068827,-0.008296705168830217,2650383.61,-0.83,-3.12
2000-12-01,1330.93,16.27,50.0,174.0,5.24,2341.58,28.62,87.97,37.27,-0.033630889739050145,0.0009842885265386474,-0.0326466012125115,2563857.59,-3.26,-8.84
2001-01-01,1335.63,16.169999999999998,48.48,175.1,5.16,2335.08,28.27,84.76,36.98,-0.002775903449807395,0.0010060870580263469,-0.0017698163917810482,2559320.04,-0.18,-8.62
2001-02-01,1305.75,16.07,46.96,175.8,5.1,2273.75,27.98,81.77,35.83,-0.026264624766603257,0.0009985382370910918,-0.025266086529512163,2494656.03,-2.53,-8.13
2001-03-01,1185.85,15.97,45.44,176.2,4.89,2060.28,27.75,78.95,32.33,-0.09388455195162168,0.001017042330951072,-0.09286750962067061,2262983.54,-9.29,-19.16
2001-04-01,1189.84,15.876666666666663,42.556666666666665,176.9,5.14,2059.03,27.47,73.64,32.17,-0.0006067136505717669,0.001111094932080429,0.0005043812815086622,2264124.95,0.05,-20.21
2001-05-01,1270.37,15.783333333333331,39.67333333333333,177.7,5.39,2188.49,27.19,68.35,34.07,0.06287426603789142,0.001100437260910882,0.06397470329880231,2408971.67,6.4,-12.52
2001-06-01,1238.71,15.69,36.79,178.0,5.28,2130.36,26.98,63.27,33.07,-0.026561693222267254,0.001027344577006673,-0.02553434864526058,2347460.15,-2.55,-16.94
2001-07-01,1204.45,15.706666666666669,33.96333333333333,177.5,5.24,2077.27,27.09,58.58,32.16,-0.02492067068476696,0.0010596800540753674,-0.023860990630691595,2291447.42,-2.39,-19.41
2001-08-01,1178.5,15.723333333333333,31.136666666666667,177.5,4.97,2032.51,27.12,53.7,31.4,-0.02154751187857139,0.0010879664174613798,-0.02045954546111001,2244565.45,-2.05,-21.8
2001-09-01,1044.64,15.74,28.31,178.3,4.73,1793.57,27.02,48.61,27.67,-0.1175590772001122,0.001107825627754189,-0.11645125157235801,1983182.99,-11.65,-29.79
2001-10-01,1076.59,15.740000000000002,27.103333333333335,177.7,4.57,1854.66,27.12,46.69,28.58,0.03406056078101225,0.0012600567583088479,0.0353206175393211,2053230.24,3.53,-23.17
2001-11-01,1129.68,15.740000000000002,25.896666666666665,177.4,4.65,1949.41,27.16,44.69,30.01,0.05108753086819147,0.0012203494620757083,0.052307880330267176,2160630.36,5.23,-18.48
2001-12-01,1144.93,15.74,24.69,176.7,5.09,1983.56,27.27,42.77,30.5,0.01751812086733928,0.0011657373256523768,0.018683858192991655,2200999.28,1.87,-14.15
2002-01-01,1140.21,15.736666666666668,24.69333333333333,177.1,5.04,1970.92,27.2,42.68,30.28,-0.006372380971586377,0.0011427265455376528,-0.005229654426048724,2189488.81,-0.52,-14.45
2002-02-01,1100.67,15.733333333333334,24.69666666666667,177.8,4.91,1895.08,27.09,42.52,29.09,-0.03847949181093101,0.001145404176729649,-0.03733408763420136,2107746.24,-3.73,-15.51
2002-03-01,1153.79,15.73,24.7,178.8,5.28,1975.43,26.93,42.29,30.29,0.04239926546636561,0.0011842068232827462,0.04358347228964836,2199609.14,4.36,-2.8
2002-04-01,1111.93,15.833333333333332,25.38,179.8,5.21,1893.17,26.96,43.21,29.01,-0.04164156664624916,0.0011373051268162712,-0.04050426151943289,2110515.6,-4.05,-6.78
2002-05-01,1079.25,15.936666666666667,26.06,179.8,5.16,1837.53,27.13,44.37,28.13,-0.029389859336456894,0.0011942051338935929,-0.0281956542025633,2051008.23,-2.82,-14.86
2002-06-01,1014.02,16.04,26.74,179.9,4.93,1725.51,27.29,45.5,26.39,-0.06096227000375503,0.0012376215172904205,-0.05972464848646461,1928512.48,-5.97,-17.85
2002-07-01,903.59,15.96,27.84,180.1,4.65,1535.89,27.13,47.32,23.46,-0.10989214782875781,0.0013102406438289741,-0.10858190718492883,1719110.92,-10.86,-24.98
2002-08-01,912.55,15.88,28.94,180.7,4.26,1545.97,26.9,49.03,23.59,0.006562970004362244,0.0014595229259039817,0.008022492930266226,1732902.48,0.8,-22.8
2002-09-01,867.81,15.8,30.04,181.0,3.87,1467.74,26.72,50.81,22.37,-0.0506025343311966,0.0014403039300029538,-0.04916223040119365,1647709.13,-4.92,-16.92
2002-10-01,854.63,15.89,29.223333333333333,181.3,3.94,1443.05,26.83,49.34,21.96,-0.01682178042432587,0.0015233170270847244,-0.015298463397241146,1622501.71,-1.53,-20.98
2002-11-01,909.93,15.98,28.406666666666663,181.3,4.05,1536.43,26.98,47.97,23.35,0.06471016250303185,0.0015580425718674568,0.0662682050748993,1730021.98,6.63,-19.93
2002-12-01,899.18,16.07,27.59,180.9,4.03,1521.63,27.19,46.69,23.1,-0.00963272000676891,0.0014747390595948617,-0.008157980947174048,1715908.5,-0.82,-22.04
2003-01-01,895.84,16.119999999999997,28.5,181.7,4.05,1509.31,27.16,48.02,22.9,-0.008096580640497468,0.0014874400040307651,-0.0066091406364667035,1704567.82,-0.66,-22.15
2003-02-01,837.03,16.169999999999998,29.41,183.1,3.9,1399.44,27.03,49.17,21.21,-0.07279485327732534,0.0014924038136631972,-0.07130244946366214,1583027.96,-7.13,-24.89
2003-03-01,846.63,16.22,30.32,184.2,3.81,1407.04,26.96,50.39,21.31,0.005430743726061788,0.00160540406638846,0.007036147792450248,1594166.37,0.7,-27.53
2003-04-01,890.03,16.203333333333333,31.73,183.8,3.96,1482.39,26.99,52.85,22.43,0.05355213782124185,0.0015985094003487226,0.055150647221590576,1682085.68,5.52,-20.3
2003-05-01,935.96,16.186666666666667,33.13999999999999,183.5,3.57,1561.43,27.0,55.29,23.59,0.05331930193808644,0.0015178191973772082,0.05483712113546365,1774326.42,5.48,-13.49
2003-06-01,988.0,16.17,34.55,183.7,3.33,1646.46,26.95,57.58,24.83,0.054456491805588446,0.0014383182937008595,0.0558948100992893,1873502.06,5.59,-2.85
2003-07-01,992.54,16.310000000000002,35.89333333333333,183.9,3.98,1652.22,27.15,59.75,24.87,0.003498414780802443,0.0013741603197162395,0.0048725751005186824,1882630.84,0.49,9.51
2003-08-01,989.53,16.450000000000003,37.236666666666665,184.6,4.45,1640.97,27.28,61.75,24.64,-0.006809020590478265,0.0013759265311722006,-0.005433094059306065,1872402.33,-0.54,8.05
2003-09-01,1019.44,16.59,38.58,185.2,4.27,1685.09,27.42,63.77,25.24,0.02688653662163226,0.0013924690884050289,0.02827900571003729,1925352.0,2.83,16.85
2003-10-01,1038.73,16.85666666666667,41.96666666666667,185.0,4.29,1718.83,27.89,69.44,25.68,0.02002266941231626,0.0013792537292765768,0.021401923141592838,1966558.24,2.14,21.21
2003-11-01,1049.9,17.123333333333335,45.35333333333333,184.5,4.3,1742.02,28.41,75.25,25.95,0.013491735657394888,0.0013773904341906997,0.014869126091585588,1995799.24,1.49,15.36
2003-12-01,1080.64,17.39,48.74,184.3,4.27,1794.97,28.89,80.96,26.64,0.030395747465585956,0.0013820162799508618,0.03177776374553682,2059221.28,3.18,20.01
2004-01-01,1132.52,17.6,49.826666666666675,185.2,4.15,1872.01,29.09,82.36,27.66,0.04291993738056901,0.001350533249395069,0.04427047062996408,2150383.97,4.43,26.15
2004-02-01,1143.36,17.810000000000002,50.913333333333334,186.2,4.08,1879.77,29.28,83.71,27.65,0.004145277001725413,0.001303411840748714,0.005448688842474127,2162100.74,0.54,36.58
2004-03-01,1123.98,18.02,52.0,187.4,3.83,1836.08,29.44,84.94,26.89,-0.02324220516339768,0.001305124208458127,-0.021937080954939552,2114670.57,-2.19,32.65
2004-04-01,1133.36,18.213333333333335,53.38333333333333,188.0,4.35,1845.49,29.66,86.93,26.9,0.00512504901747205,0.0013461650182272377,0.0064712140356992884,2128355.05,0.65,26.53
2004-05-01,1102.78,18.406666666666663,54.76666666666667,189.1,4.72,1785.25,29.8,88.66,25.9,-0.03264173742474899,0.0013456227524036074,-0.03129611467234538,2061745.81,-3.13,16.2
2004-06-01,1132.76,18.6,56.15,189.7,4.73,1827.99,30.02,90.61,26.4,0.023940624562386225,0.0014012976707277224,0.025341922233113948,2113994.41,2.53,12.84
2004-07-01,1105.85,18.78666666666667,56.69,189.4,4.5,1787.39,30.36,91.63,25.7,-0.022210187145443854,0.001384033829506726,-0.020826153315937127,2069968.04,-2.08,9.95
2004-08-01,1088.94,18.973333333333333,57.23,189.5,4.28,1759.13,30.65,92.45,25.17,-0.01581076317983204,0.0014289923668962378,-0.014381770812935802,2040198.23,-1.44,8.96
2004-09-01,1117.66,19.16,57.77,189.9,4.13,1801.72,30.89,93.13,25.67,0.024210831490566312,0.0014633180416834836,0.025674149532249797,2092578.59,2.57,8.69
2004-10-01,1117.21,19.253333333333337,58.03,190.9,4.1,1791.56,30.87,93.06,25.41,-0.005639056013143042,0.0014278023222254292,-0.004211253690917613,2083766.21,-0.42,5.96
2004-11-01,1168.94,19.346666666666668,58.29,191.0,4.19,1873.53,31.01,93.42,26.47,0.04575342159905336,0.0014424114551936118,0.04719583305424697,2182111.29,4.72,9.34
2004-12-01,1199.21,19.44,58.55,190.3,4.23,1929.12,31.27,94.19,27.14,0.029671262269619338,0.0013908682184610513,0.03106213048808039,2249892.32,3.11,9.26
2005-01-01,1181.41,19.703333333333333,59.10666666666666,190.7,4.22,1896.5,31.63,94.88,26.59,-0.01690926432777634,0.001366339747311382,-0.015542924580464959,2214922.41,-1.55,3.0
2005-02-01,1199.63,19.96666666666667,59.663333333333334,191.8,4.17,1914.7,31.87,95.23,26.74,0.00959662536250991,0.0014003866772124088,0.01099701203972232,2239279.94,1.1,3.57
2005-03-01,1194.9,20.23,60.22,193.3,4.5,1892.35,32.04,95.37,26.34,-0.011672846921188768,0.0013944743301822738,-0.010278372591006495,2216263.78,-1.03,4.8
2005-04-01,1164.43,20.46333333333333,61.23333333333333,194.6,4.34,1831.78,32.19,96.33,25.41,-0.03200782096335241,0.0014175496076307237,-0.030590271355721687,2148467.67,-3.06,0.94
2005-05-01,1178.28,20.696666666666665,62.24666666666667,194.4,4.14,1855.47,32.59,98.02,25.65,0.01293277577001608,0.001482619819701784,0.014415395589717862,2179438.68,1.44,5.71
2005-06-01,1202.25,20.93,63.26,194.5,4.0,1892.25,32.94,99.57,26.07,0.01982247085644067,0.0014794095296609482,0.021301880386101618,2225864.83,2.13,5.29
2005-07-01,1222.24,21.11,64.33,195.4,4.18,1914.85,33.07,100.78,26.29,0.011943453560575986,0.0014563790901484124,0.013399832650724398,2255691.04,1.34,8.97
2005-08-01,1224.27,21.29,65.39999999999999,196.4,4.26,1908.26,33.18,101.94,26.1,-0.0034415228346867475,0.0014439773350392983,-0.001997545499647449,2251185.2,-0.2,10.34
2005-09-01,1225.92,21.47,66.47,198.8,4.2,1887.77,33.06,102.36,25.73,-0.010737530525190492,0.0014437236016056514,-0.00929380692358484,2230263.12,-0.93,6.58
2005-10-01,1191.96,21.72,67.58999999999999,199.2,4.46,1831.79,33.38,103.87,24.88,-0.029654036243822086,0.0014735199026717591,-0.028180516341150326,2167413.15,-2.82,4.01
2005-11-01,1237.37,21.97,68.71,197.6,4.54,1916.97,34.04,106.45,25.93,0.0465009635383969,0.0015485763469975634,0.04804953988539447,2271556.35,4.8,4.1
2005-12-01,1262.07,22.22,69.83,196.8,4.47,1963.18,34.56,108.62,26.44,0.02410575022039992,0.0015023709291225216,0.02560812114952244,2329726.65,2.56,3.55
2006-01-01,1278.73,22.406666666666663,70.77666666666666,198.3,4.42,1974.05,34.59,109.26,26.47,0.005536934972850116,0.0014682810542079687,0.007005216027058085,2346046.88,0.7,5.92
2006-02-01,1276.65,22.593333333333337,71.72333333333334,198.7,4.57,1966.87,34.81,110.5,26.25,-0.0036371925736430506,0.0014694832113337217,-0.0021677093623093287,2340961.34,-0.22,4.54
2006-03-01,1293.74,22.78,72.67,199.8,4.72,1982.23,34.9,111.34,26.33,0.007809362082903358,0.0014786606808448617,0.009288022763748219,2362704.24,0.93,6.61
2006-04-01,1302.17,23.0,73.27666666666666,201.5,4.99,1978.31,34.94,111.33,26.15,-0.001977570715810008,0.0014688843709693964,-0.0005086863448406117,2361502.36,-0.05,9.92
2006-05-01,1290.01,23.22,73.88333333333333,202.5,5.11,1950.16,35.1,111.69,25.65,-0.014229316942238508,0.0014785347089182183,-0.01275078223332029,2331391.36,-1.28,6.97
2006-06-01,1253.17,23.44,74.49,202.9,5.11,1890.73,35.37,112.39,24.75,-0.030474422611478064,0.0015114144480452884,-0.028963008163432776,2263867.25,-2.9,1.71
2006-07-01,1260.24,23.66,75.85,203.5,5.09,1895.79,35.59,114.1,24.7,0.002676215006902067,0.0015686181175172203,0.004244833124419287,2273476.99,0.42,0.79
2006-08-01,1287.15,23.88,77.21,203.9,4.88,1932.48,35.85,115.92,25.05,0.019353409396610413,0.0015758601954857872,0.0209292695920962,2321059.2,2.09,3.1
2006-09-01,1317.74,24.1,78.57,202.9,4.72,1988.15,36.36,118.54,25.64,0.02880754263950989,0.0015679334326875309,0.030375476072197424,2391562.48,3.04,7.23
2006-10-01,1363.38,24.36,79.55,201.8,4.73,2068.23,36.95,120.68,26.54,0.040278651007217725,0.001548759734761797,0.04182741074197952,2491595.35,4.18,14.96
2006-11-01,1388.64,24.619999999999997,80.53,201.5,4.6,2109.68,37.4,122.34,26.93,0.020041291345739988,0.0015069246005843966,0.021548215946324386,2545284.78,2.15,12.05
2006-12-01,1416.42,24.88,81.51,201.8,4.56,2148.69,37.74,123.65,27.28,0.018490955974365886,0.0014907474119297715,0.01998170338629566,2596143.91,2.0,11.44
2007-01-01,1424.16,25.083333333333332,82.05666666666667,202.42,4.76,2153.85,37.94,124.1,27.21,0.0024014632171229233,0.0014714391869774916,0.0038729024041004147,2606198.52,0.39,11.09
2007-02-01,1444.8,25.286666666666665,82.60333333333334,203.5,4.72,2173.44,38.04,124.26,27.32,0.009095340901177031,0.001471783086101632,0.010567123987278663,2633738.54,1.06,12.51
2007-03-01,1406.95,25.49,83.15,205.35,4.56,2097.4,38.0,123.96,26.23,-0.0349860129564193,0.001456983706321162,-0.03352902925009814,2545431.85,-3.35,7.73
2007-04-01,1463.64,25.71666666666667,83.74000000000001,206.69,4.69,2167.83,38.09,124.03,26.98,0.033579670067702794,0.001513381647118655,0.03509305171482145,2634758.82,3.51,11.57
2007-05-01,1511.14,25.943333333333335,84.33000000000001,207.95,4.75,2224.59,38.19,124.14,27.55,0.026182864892542415,0.0014680579196708228,0.02765092281221324,2707612.33,2.77,16.14
2007-06-01,1514.19,26.17,84.92,208.35,5.1,2224.77,38.45,124.77,27.42,8.091378636055915e-05,0.001440340317391819,0.001521254103752378,2711731.3,0.15,19.78
2007-07-01,1520.71,26.440000000000005,82.81333333333333,208.3,5.0,2234.92,38.86,121.71,27.41,0.004562269358180887,0.0014555811761815078,0.0060178505343623945,2728050.09,0.6,19.99
2007-08-01,1454.62,26.71,80.70666666666666,207.92,4.67,2141.72,39.33,118.83,26.15,-0.041701716392533186,0.001466495445027115,-0.04023522094750607,2618286.39,-4.02,12.81
2007-09-01,1497.12,26.98,78.6,208.49,4.52,2198.23,39.61,115.41,26.73,0.026385335151187,0.0015412067559407083,0.02792654190712771,2691406.08,2.79,12.54
2007-10-01,1539.66,27.230000000000004,74.46000000000001,208.94,4.53,2255.87,39.9,109.1,27.32,0.026221096063651153,0.0015125805761908443,0.027733676639841998,2766048.66,2.77,11.02
2007-11-01,1463.39,27.480000000000004,70.32000000000001,210.18,4.15,2131.46,40.03,102.42,25.73,-0.05514945453417079,0.0014787347379651016,-0.05367071979620569,2617592.84,-5.37,2.84
2007-12-01,1479.22,27.73,66.18,210.04,4.1,2155.96,40.42,96.46,25.96,0.011494468580222007,0.0015802939456209986,0.013074762525843005,2651817.25,1.31,2.14
2008-01-01,1378.76,27.92,64.25,211.08,3.74,1999.6,40.49,93.18,24.02,-0.07252453663333278,0.0015650414046024356,-0.07095949522873034,2463645.63,-7.1,-5.47
2008-02-01,1354.87,28.11,62.32,211.69,3.74,1959.27,40.65,90.12,23.5,-0.020169033806761317,0.0016940888177635527,-0.018474944988997766,2418129.92,-1.85,-8.19
2008-03-01,1316.94,28.3,60.39,213.53,3.51,1888.05,40.57,86.58,22.61,-0.036350273316082024,0.001725557648171683,-0.03462471566791034,2334402.85,-3.46,-8.29
2008-04-01,1370.47,28.436666666666667,57.383333333333326,214.82,3.68,1952.95,40.52,81.77,23.36,0.034374089669235504,0.0017884413371821017,0.03616253100641761,2418820.77,3.62,-8.2
2008-05-01,1403.22,28.573333333333338,54.376666666666665,216.63,3.88,1982.92,40.38,76.84,23.7,0.015346015002944278,0.0017230343838807959,0.017069049386825075,2460107.74,1.71,-9.14
2008-06-01,1341.25,28.71,51.37,218.81,4.1,1876.44,40.17,71.87,22.42,-0.05369858592378916,0.0016881669457164182,-0.052010418978072744,2332156.51,-5.2,-14.0
2008-07-01,1257.33,28.756666666666668,49.56333333333333,219.96,4.01,1749.85,40.02,68.98,20.91,-0.06746285519387785,0.001777301698961864,-0.06568555349491598,2178967.52,-6.57,-20.13
2008-08-01,1281.47,28.803333333333335,47.75666666666667,219.09,3.89,1790.59,40.25,66.73,21.4,0.02328199559962283,0.0019168309664637923,0.025198826566086623,2233874.94,2.52,-14.68
2008-09-01,1216.95,28.85,45.95,218.78,3.69,1702.79,40.37,64.29,20.36,-0.049034117246270756,0.0018788034483978278,-0.047155313797872925,2128535.87,-4.72,-20.91
2008-10-01,968.8,28.696666666666665,35.593333333333334,216.57,3.81,1369.41,40.56,50.31,16.39,-0.19578456533101551,0.001984977595593115,-0.1937995877354224,1716026.49,-19.38,-37.96
2008-11-01,883.04,28.543333333333333,25.236666666666668,212.43,3.53,1272.56,41.13,36.37,15.26,-0.07072388838989063,0.0025029027099261725,-0.06822098567996446,1598957.47,-6.82,-38.91
2008-12-01,877.56,28.39,14.88,210.23,2.42,1277.88,41.34,21.67,15.38,0.004180549443641293,0.0027071415100270325,0.006887690953668326,1609970.6,0.69,-39.29
2009-01-01,865.58,28.013333333333335,12.206666666666669,211.14,2.52,1254.97,40.62,17.7,15.17,-0.017928130966914015,0.002648918521300904,-0.015279212445613111,1585371.52,-1.53,-35.65
2009-02-01,805.23,27.63666666666667,9.533333333333331,212.19,2.87,1161.69,39.87,13.75,14.12,-0.07432847000326699,0.0026474736447883213,-0.07168099635847867,1471730.51,-7.17,-39.14
2009-03-01,757.13,27.26,6.86,212.71,2.82,1089.65,39.23,9.87,13.32,-0.06201310160197639,0.0028141472050776596,-0.059198954396898734,1384605.6,-5.92,-40.69
2009-04-01,848.15,26.703333333333333,7.076666666666666,213.24,2.93,1217.6,38.34,10.16,14.98,0.11742302574221063,0.0029321341715229663,0.12035515991373359,1551250.03,12.04,-35.87
2009-05-01,902.41,26.14666666666667,7.293333333333333,213.86,3.29,1291.77,37.43,10.44,16.0,0.060914914586071026,0.002561733464739378,0.06347664805081041,1649718.18,6.35,-32.94
2009-06-01,926.12,25.59,7.51,215.69,3.72,1314.42,36.32,10.66,16.38,0.017534081144476254,0.0023430383633825424,0.019877119507858795,1682509.83,1.99,-27.86
2009-07-01,935.82,25.026666666666664,9.186666666666667,215.35,3.56,1330.29,35.58,13.06,16.69,0.012073766376044104,0.0022557477822918092,0.014329514158335912,1706619.37,1.43,-21.68
2009-08-01,1009.73,24.46333333333333,10.863333333333332,215.83,3.59,1432.15,34.7,15.41,18.09,0.07656977050116902,0.0021737114964907405,0.07874348199765976,1841004.53,7.87,-17.59
2009-09-01,1044.55,23.9,12.54,215.97,3.4,1480.61,33.88,17.77,18.83,0.033837237719512483,0.0019713949888861735,0.03580863270839866,1906928.38,3.58,-10.41
2009-10-01,1067.66,23.403333333333332,25.35,216.18,3.39,1511.91,33.14,35.9,19.36,0.02113993556709747,0.0018652222169691323,0.0230051577840666,1950797.57,2.3,13.68
2009-11-01,1088.07,22.906666666666663,38.16,216.33,3.4,1539.72,32.42,54.0,19.81,0.01839395202095359,0.0017869229429441345,0.020180874963897727,1990166.37,2.02,24.47
2009-12-01,1110.38,22.41,50.97,215.95,3.59,1574.07,31.77,72.25,20.32,0.022309251032655228,0.0017194684747876238,0.024028719507442852,2037987.52,2.4,26.59
2010-01-01,1123.58,22.24,54.28999999999999,216.69,3.73,1587.35,31.42,76.7,20.53,0.008436727718589372,0.0016634160700180639,0.010100143788607435,2058571.49,1.01,29.85
2010-02-01,1089.16,22.07,57.61,216.74,3.69,1538.34,31.17,81.37,19.92,-0.030875358301571797,0.0016363750905597381,-0.029238983211012058,1998380.95,-2.92,35.78
2010-03-01,1152.05,21.9,60.93,217.63,3.73,1620.51,30.81,85.71,21.0,0.053414719762861315,0.0016690068515412717,0.055083726614402584,2108459.22,5.51,52.28
2010-04-01,1197.32,21.946666666666665,62.986666666666665,218.01,3.85,1681.27,30.82,88.45,21.8,0.037494369056655,0.0015848919990208844,0.039079261055675885,2190856.25,3.91,41.23
2010-05-01,1125.06,21.993333333333332,65.04333333333332,218.18,3.42,1578.58,30.86,91.26,20.48,-0.06107882731506543,0.001529597665257018,-0.05954922964980841,2060392.45,-5.95,24.89
2010-06-01,1083.36,22.04,67.1,217.97,3.2,1521.56,30.95,94.24,19.74,-0.03612107083581446,0.0016338523652058602,-0.034487218470608594,1989335.24,-3.45,18.24
2010-07-01,1079.8,22.143333333333334,68.68666666666667,218.01,3.01,1516.24,31.09,96.45,19.67,-0.0034964115775913776,0.0017027480568188788,-0.0017936635207724987,1985767.04,-0.18,16.36
2010-08-01,1087.28,22.246666666666663,70.27333333333333,218.31,2.7,1524.64,31.2,98.54,19.77,0.00554002004959643,0.0017147681105893528,0.007254788160185783,2000173.36,0.73,8.65
2010-09-01,1122.08,22.35,71.86,218.44,2.65,1572.52,31.32,100.71,20.38,0.03140413474656304,0.001711879525658516,0.03311601427222156,2066411.13,3.31,8.36
2010-10-01,1171.58,22.476666666666667,73.69,218.71,2.54,1639.85,31.46,103.14,21.24,0.04281662554371323,0.0016671754042343924,0.04448380094794763,2158332.95,4.45,10.64
2010-11-01,1198.89,22.603333333333335,75.52,218.8,2.76,1677.37,31.62,105.66,21.7,0.022880141476354535,0.001606854285452938,0.024486995761807472,2211184.04,2.45,11.11
2010-12-01,1241.53,22.73,77.35,219.18,3.29,1734.05,31.75,108.03,22.4,0.03379099423502272,0.0015773701290313607,0.035368364364054085,2289390.01,3.54,12.34
2011-01-01,1282.62,22.963333333333335,78.67,220.22,3.39,1782.94,31.92,109.36,22.98,0.028194112049825613,0.0015339811424122719,0.029728093192237886,2357449.21,2.97,14.52
2011-02-01,1321.12,23.196666666666665,79.99000000000001,221.31,3.58,1827.45,32.09,110.65,23.49,0.024964384668020232,0.001499863521300025,0.026464248189320257,2419837.33,2.65,21.09
2011-03-01,1304.49,23.43,81.31,223.47,3.41,1787.02,32.1,111.39,22.9,-0.022123724315302778,0.001463788338942242,-0.020659935976360535,2369843.64,-2.07,12.4
2011-04-01,1331.51,23.733333333333334,82.16333333333334,224.91,3.46,1812.37,32.3,111.84,23.14,0.014185627469194474,0.0015062319765121075,0.01569185944570658,2407030.9,1.57,9.87
2011-05-01,1338.31,24.036666666666665,83.01666666666667,225.96,3.17,1813.09,32.56,112.47,23.06,0.00039726987314953754,0.0014971188738134781,0.0018943887469630156,2411590.75,0.19,17.05
2011-06-01,1287.29,24.34,83.87,225.72,3.0,1745.84,33.01,113.75,22.1,-0.03709137439399037,0.0015172072722994076,-0.03557416712169097,2325800.42,-3.56,16.91
2011-07-01,1325.19,24.619999999999997,84.90666666666667,225.92,3.0,1795.65,33.36,115.05,22.61,0.028530678641800037,0.001592356687898089,0.030123035329698126,2395860.58,3.01,20.65
2011-08-01,1185.31,24.9,85.94333333333334,226.54,2.3,1601.69,33.65,116.13,20.05,-0.1080165956617381,0.0015616443442021922,-0.1064549513175359,2140809.36,-10.65,7.03
2011-09-01,1173.88,25.18,86.98,226.89,1.98,1583.84,33.97,117.36,19.7,-0.011144478644431903,0.0017674040128447658,-0.009377074631587138,2120734.83,-0.94,2.63
2011-10-01,1207.22,25.596666666666664,86.97,226.42,2.15,1632.2,34.61,117.59,20.16,0.03053338721082946,0.001820996228575277,0.032354383439404735,2189349.9,3.24,1.44
2011-11-01,1226.42,26.013333333333335,86.96000000000001,226.23,2.01,1659.55,35.2,117.67,20.35,0.016756524935669592,0.0017971653800596334,0.018553690315729225,2229970.42,1.86,0.85
2011-12-01,1243.32,26.43,86.95,225.67,1.98,1686.58,35.85,117.95,20.52,0.016287547829230798,0.0018001867976258626,0.01808773462685666,2270305.54,1.81,-0.83
2012-01-01,1300.58,26.736666666666668,87.48,226.66,1.97,1756.53,36.11,118.15,21.21,0.041474463114705526,0.0017841825864570117,0.043258645701162536,2368515.88,4.33,0.47
2012-02-01,1352.49,27.043333333333337,88.01,227.66,1.97,1818.63,36.36,118.34,21.8,0.03535379412819601,0.0017249918874143908,0.037078786015610404,2456337.57,3.71,1.51
2012-03-01,1389.24,27.35,88.54,229.39,2.17,1853.96,36.5,118.16,22.05,0.01942671131566065,0.0016725043943334632,0.021099215709994113,2508164.37,2.11,5.84
2012-04-01,1386.43,27.673333333333332,88.33333333333334,230.09,2.05,1844.64,36.82,117.53,21.78,-0.005027077175343554,0.001655015929865441,-0.0033720612454781135,2499706.68,-0.34,3.85
2012-05-01,1341.27,27.996666666666663,88.12666666666667,229.81,1.8,1786.65,37.29,117.39,20.94,-0.031437028363257874,0.0016846105473154653,-0.029752417815942407,2425334.37,-2.98,0.57
2012-06-01,1323.48,28.32,87.92,229.48,1.62,1765.54,37.78,117.29,20.55,-0.011815408725827738,0.001762143303575593,-0.010053265422252145,2400951.84,-1.01,3.23
2012-07-01,1359.78,28.743333333333332,87.44666666666667,229.1,1.53,1816.93,38.41,116.85,21.0,0.029107241976958947,0.001812948635167333,0.03092019061212628,2475189.72,3.09,3.31
2012-08-01,1403.45,29.166666666666664,86.97333333333333,230.38,1.68,1864.9,38.76,115.57,21.41,0.02640167755499663,0.00177772396294849,0.02817940151794512,2544939.09,2.82,18.88
2012-09-01,1443.42,29.59,86.5,231.41,1.72,1909.5,39.14,114.43,21.78,0.023915491447262537,0.0017489767101006308,0.025664468157363167,2610253.6,2.57,23.08
2012-10-01,1437.82,30.14333333333333,86.50333333333333,231.32,1.75,1902.83,39.89,114.48,21.58,-0.003493061010735833,0.0017408571179191761,-0.0017522038928166567,2605679.9,-0.18,19.02
2012-11-01,1394.51,30.696666666666665,86.50666666666667,230.22,1.65,1854.3,40.82,115.03,20.9,-0.025504117551226318,0.0017876881627190378,-0.02371642938850728,2543882.48,-2.37,14.08
2012-12-01,1422.29,31.25,86.51,229.6,1.72,1896.34,41.67,115.34,21.24,0.02267162810764168,0.0018726743245429543,0.024544302432184632,2606320.3,2.45,14.8
2013-01-01,1480.4,31.536666666666665,86.90666666666667,230.28,1.91,1968.0,41.92,115.53,21.9,0.03778858221626928,0.0018421450443134322,0.03963072726058271,2709610.67,3.96,14.4
2013-02-01,1512.31,31.82333333333333,87.30333333333334,232.17,1.98,1994.09,41.96,115.12,22.05,0.01325711382113817,0.0017767615176151762,0.015033875338753347,2750346.62,1.5,11.97
2013-03-01,1550.83,32.11,87.7,232.77,1.96,2039.55,42.23,115.34,22.42,0.022797366217171763,0.0017647983123463167,0.02456216452951808,2817901.08,2.46,12.35
2013-04-01,1570.7,32.49666666666667,88.78333333333333,232.53,1.76,2067.83,42.78,116.88,22.6,0.013865803731215206,0.0017479345934152141,0.01561373832463042,2861899.05,1.56,14.49
2013-05-01,1639.84,32.88333333333334,89.86666666666667,232.94,1.93,2155.02,43.21,118.1,23.41,0.04216497487704505,0.0017413584933642194,0.043906333370409265,2987554.55,4.39,23.18
2013-06-01,1618.77,33.27,90.95,233.5,2.3,2122.23,43.62,119.24,22.93,-0.015215636049781423,0.0016867592876168202,-0.013528876762164603,2947136.29,-1.35,22.75
2013-07-01,1668.68,33.64666666666667,92.09,233.6,2.58,2186.8,44.09,120.68,23.49,0.030425542943036413,0.0017312763775211295,0.03215681932055754,3041906.82,3.22,22.9
2013-08-01,1670.09,34.02333333333333,93.23,233.88,2.74,2186.02,44.53,122.03,23.36,-0.00035668556795326507,0.0016969239680507285,0.0013402384000974635,3045983.7,0.13,19.69
2013-09-01,1687.17,34.4,94.37,234.15,2.81,2205.81,44.97,123.38,23.44,0.009052982131910945,0.0017143027053732353,0.01076728483728418,3078780.67,1.08,17.95
2013-10-01,1720.03,34.596666666666664,96.31333333333332,233.55,2.62,2254.58,45.35,126.25,23.83,0.022109791867839925,0.0017132784177543246,0.02382307028559425,3152126.68,2.38,20.97
2013-11-01,1783.54,34.79333333333334,98.25666666666666,233.07,2.72,2342.61,45.7,129.06,24.64,0.03904496624648502,0.0016891542253250423,0.04073412047181006,3280525.79,4.07,28.96
2013-12-01,1807.78,34.99,100.2,233.05,2.9,2374.66,45.96,131.62,24.86,0.01368132126132806,0.0016349285625861752,0.015316249823914234,3330771.14,1.53,27.8
2014-01-01,1822.36,35.403333333333336,100.41666666666666,233.92,2.86,2384.94,46.33,131.42,24.86,0.004329040788997246,0.0016258467878910385,0.005954887576888284,3350605.51,0.6,23.66
2014-02-01,1817.04,35.81666666666666,100.63333333333333,234.78,2.71,2369.21,46.7,131.21,24.59,-0.006595553766551787,0.0016317671164333975,-0.004963786650118389,3333973.82,-0.5,21.22
2014-03-01,1863.52,36.23,100.85,236.29,2.72,2414.27,46.94,130.66,24.96,0.019018997893812683,0.0016510426119536329,0.020670040505766315,3402887.19,2.07,20.76
2014-04-01,1864.26,36.61333333333333,101.60666666666668,237.07,2.71,2407.29,47.28,131.2,24.79,-0.0028911430784460805,0.001631963284968127,-0.0012591797934779535,3398602.35,-0.13,18.75
2014-05-01,1889.77,36.99666666666667,102.36333333333334,237.9,2.56,2431.74,47.61,131.72,24.94,0.01015664917812138,0.001648118839026457,0.011804768017147837,3438722.06,1.18,15.1
2014-06-01,1947.09,37.38,103.12,238.34,2.6,2500.84,48.01,132.45,25.56,0.02841586682786826,0.0016452553864037003,0.03006112221427196,3542093.9,3.01,20.19
2014-07-01,1973.1,37.75,104.06666666666666,238.25,2.54,2535.24,48.5,133.72,25.82,0.01375537819292703,0.0016161236491205621,0.015371501842047592,3596541.21,1.54,18.23
2014-08-01,1961.53,38.120000000000005,105.01333333333334,237.85,2.42,2524.59,49.06,135.16,25.62,-0.004200785724428314,0.001612602094213303,-0.0025881836302150104,3587232.7,-0.26,17.77
2014-09-01,1993.23,38.49,105.96,238.03,2.53,2563.46,49.5,136.27,25.92,0.015396559441334985,0.0016339286775278361,0.017030488118862822,3648325.02,1.7,18.5
2014-10-01,1937.27,38.806666666666665,104.74333333333334,237.43,2.3,2497.76,50.03,135.05,25.16,-0.025629422733336904,0.0016263825714724108,-0.024003040161864494,3560754.13,-2.4,12.96
2014-11-01,2044.57,39.123333333333335,103.52666666666669,236.15,2.33,2650.42,50.72,134.2,26.61,0.0611187624111203,0.0016921828625114767,0.06281094527363178,3784408.46,6.28,15.36
2014-12-01,2054.27,39.44,102.31,234.81,2.21,2678.18,51.42,133.38,26.79,0.010473811697768566,0.001616724896431509,0.012090536594200075,3830163.99,1.21,14.99
2015-01-01,2028.18,39.89666666666667,101.29,233.71,1.88,2656.67,52.26,132.68,26.49,-0.008031573680633775,0.0016261042947075999,-0.006405469385926175,3805629.99,-0.64,13.58
2015-02-01,2082.2,40.35333333333333,100.27,234.72,1.98,2715.63,52.63,130.77,27.0,0.022193196746302716,0.001650876222238115,0.023844072968540832,3896371.71,2.38,16.87
2015-03-01,2079.99,40.81,99.25,236.12,2.04,2696.7,52.91,128.68,26.73,-0.006970758166613379,0.0016236257025687103,-0.005347132464044668,3875537.29,-0.53,13.89
2015-04-01,2094.86,41.120000000000005,97.80333333333334,236.6,1.94,2710.47,53.2,126.54,26.79,0.005106240961174763,0.0016439846231814195,0.006750225584356182,3901698.05,0.68,14.8
2015-05-01,2111.94,41.43,96.35666666666668,237.81,2.2,2718.71,53.33,124.04,26.81,0.003040063162477444,0.0016396295353450388,0.004679692697822483,3919956.79,0.47,13.99
2015-06-01,2099.29,41.74,94.91,238.64,2.36,2692.99,53.54,121.75,26.5,-0.009460369072096787,0.001641096941809412,-0.007819272130287375,3889305.58,-0.78,9.8
2015-07-01,2094.14,41.99666666666667,93.49333333333334,238.65,2.32,2686.21,53.87,119.93,26.38,-0.0025176476704331418,0.0016669823009616326,-0.0008506653694715092,3885997.09,-0.09,8.05
2015-08-01,2039.87,42.25333333333333,92.07666666666668,238.32,2.17,2620.3,54.28,118.28,25.69,-0.024536428648541945,0.001683909051538537,-0.022852519597003407,3797192.26,-2.29,5.85
2015-09-01,1944.41,42.51,90.66,237.94,2.17,2501.58,54.69,116.64,24.5,-0.04530778918444462,0.0017393046597717818,-0.04356848452467284,3631754.35,-4.36,-0.45
2015-10-01,2024.81,42.803333333333335,89.28333333333333,237.84,2.07,2606.19,55.09,114.92,25.49,0.04181757129494165,0.0018351735036790083,0.04365274479862066,3790290.4,4.37,6.45
2015-11-01,2080.62,43.096666666666664,87.90666666666667,237.34,2.26,2683.68,55.59,113.39,26.23,0.029733058602787892,0.0017774989544123798,0.031510557557200274,3909724.56,3.15,3.31
2015-12-01,2054.08,43.39,86.53,236.53,2.24,2658.54,56.16,111.99,25.97,-0.009367733857986001,0.0017438740833482383,-0.007623859774637763,3879917.37,-0.76,1.3
2016-01-01,1918.6,43.553333333333335,86.5,236.92,2.09,2479.09,56.28,111.77,24.21,-0.06749945458785643,0.0017641261745168402,-0.0657353284133396,3624869.73,-6.57,-4.75
2016-02-01,1904.42,43.71666666666667,86.47,237.11,1.78,2458.74,56.44,111.64,24.0,-0.008208657208895345,0.0018972015269043611,-0.006311455681990983,3601991.52,-0.63,-7.56
2016-03-01,2021.95,43.88,86.44,238.13,1.89,2599.29,56.41,111.12,25.37,0.05716342516898908,0.001911887118334323,0.0590753122873234,3814780.29,5.91,-1.57
2016-04-01,2075.54,44.07333333333334,86.6,239.26,1.81,2655.59,56.39,110.8,25.92,0.02165976093471686,0.001807865481214742,0.0234676264159316,3904304.13,2.35,0.07
2016-05-01,2065.55,44.266666666666666,86.75999999999999,240.23,1.81,2632.16,56.41,110.56,25.69,-0.008822898113037136,0.0017701653242154596,-0.007052732788821676,3876768.12,-0.71,-1.1
2016-06-01,2083.89,44.46,86.92,241.02,1.64,2646.84,56.47,110.4,25.84,0.005577168561181802,0.001787821915587705,0.007364990476769507,3905320.48,0.74,0.41
2016-07-01,2148.9,44.65,87.64333333333333,240.63,1.5,2733.84,56.8,111.5,26.69,0.03286938386906651,0.001788295980615879,0.03465767984968239,4040669.83,3.47,3.98
2016-08-01,2170.95,44.84,88.36666666666667,240.85,1.56,2759.35,56.99,112.32,26.95,0.009331197143943962,0.0017371779865195719,0.011068375130463534,4085393.48,1.11,7.59
2016-09-01,2157.69,45.03,89.09,241.43,1.63,2735.92,57.1,112.96,26.73,-0.008491130157464562,0.0017244399345256434,-0.006766690222938918,4057748.88,-0.68,11.73
2016-10-01,2143.02,45.25333333333333,90.91,241.73,1.76,2713.94,57.31,115.13,26.53,-0.008033860639199983,0.001745604159965691,-0.006288256479234292,4032232.72,-0.63,6.38
2016-11-01,2164.99,45.47666666666667,92.73,241.35,2.14,2746.03,57.68,117.62,26.85,0.01182413760068393,0.0017711027755464993,0.013595240376230429,4087051.89,1.36,4.54
2016-12-01,2246.63,45.7,94.55,241.43,2.49,2848.65,57.95,119.89,27.87,0.03737031277881155,0.001758599384080533,0.039128912162892084,4246973.79,3.91,9.46
2017-01-01,2275.12,45.92666666666667,96.46333333333334,242.84,2.43,2868.06,57.9,121.6,28.06,0.00681375388341841,0.001693784775244414,0.008507538658662824,4283105.08,0.85,18.16
2017-02-01,2329.91,46.153333333333336,98.37666666666668,243.6,2.42,2927.92,58.0,123.63,28.66,0.020871250950119637,0.0016852274127226534,0.02255647836284229,4379716.85,2.26,21.59
2017-03-01,2366.82,46.38,100.29,243.8,2.48,2971.89,58.24,125.93,29.09,0.01501748681657962,0.0016576044882829221,0.01667509130486254,4452749.03,1.67,16.72
2017-04-01,2359.31,46.66,101.53333333333332,244.52,2.3,2953.7,58.42,127.11,28.9,-0.006120684143760387,0.0016381270280304229,-0.004482557115729964,4432789.32,-0.45,13.54
2017-05-01,2395.35,46.94,102.77666666666669,244.73,2.3,2996.26,58.72,128.56,29.31,0.014409046280935912,0.0016566791933281422,0.016065725474264055,4504005.3,1.61,16.18
2017-06-01,2433.99,47.22,104.02,244.96,2.19,3041.83,59.01,130.0,29.75,0.015208960504095008,0.0016412127118474362,0.016850173215942444,4579898.57,1.69,17.27
2017-07-01,2454.1,47.53666666666667,105.04,244.79,2.32,3069.08,59.45,131.36,30.0,0.008958423054542825,0.0016286796654207062,0.01058710271996353,4628386.43,1.06,14.55
2017-08-01,2456.22,47.85333333333334,106.06,245.52,2.21,3062.56,59.67,132.24,29.91,-0.0021244151341770112,0.0016201923703520274,-0.0005042227638249839,4626052.69,-0.05,13.23
2017-09-01,2492.84,48.17,107.08,246.82,2.2,3091.85,59.74,132.81,30.17,0.009563894258398192,0.00162554638385316,0.011189440642251351,4677815.63,1.12,15.28
2017-10-01,2557.0,48.42333333333333,108.01333333333334,246.66,2.36,3173.43,60.1,134.05,30.92,0.026385497355951915,0.001619850035846931,0.028005347391798847,4808819.48,2.8,19.26
2017-11-01,2593.61,48.67666666666666,108.94666666666666,246.67,2.35,3218.79,60.41,135.21,31.3,0.014293682230268237,0.001586348735175084,0.015880030965443322,4885183.68,1.59,19.53
2017-12-01,2664.34,48.93,109.88,246.52,2.4,3308.51,60.76,136.45,32.09,0.027873828364074777,0.0015730548850137267,0.029446883249088503,5029037.12,2.94,18.41
2018-01-01,2789.8,49.28666666666666,111.73333333333332,247.87,2.58,3445.54,60.87,138.0,33.31,0.04141743564323509,0.001533167498360289,0.04295060314159538,5245037.3,4.3,22.46
2018-02-01,2705.16,49.64333333333333,113.58666666666666,248.99,2.86,3325.92,61.04,139.65,32.04,-0.034717344741317734,0.0014763046334294965,-0.03324104010788824,5070686.8,-3.32,15.78
2018-03-01,2702.77,50.0,115.44,249.55,2.84,3315.48,61.33,141.61,31.81,-0.0031389810939529677,0.0015366675486281488,-0.001602313545324819,5062561.97,-0.16,13.7
2018-04-01,2653.63,50.33,117.78666666666666,250.55,2.87,3242.32,61.5,143.92,30.97,-0.022066186494866462,0.0015457791933596342,-0.020520407301506827,4958676.14,-2.05,11.86
2018-05-01,2701.49,50.66,120.13333333333333,251.59,2.98,3287.12,61.64,146.18,31.24,0.013817266648572543,0.0015842565405841083,0.01540152318915665,5035047.3,1.54,11.79
2018-06-01,2754.35,50.99,122.48,251.99,2.91,3346.11,61.94,148.79,31.63,0.017945800579230523,0.001570270226419074,0.019516070805649596,5133311.64,1.95,12.08
2018-07-01,2793.64,51.44,125.11666666666667,252.01,2.89,3393.61,62.49,151.99,31.89,0.01419558831000774,0.0015562847605129538,0.015751873070520693,5214170.91,1.58,12.66
2018-08-01,2857.82,51.89,127.75333333333332,252.15,2.89,3469.65,63.0,155.1,32.39,0.022406817518807395,0.0015470251443153455,0.02395384266312274,5339070.34,2.4,15.41
2018-09-01,2901.5,52.34,130.39,252.44,3.0,3518.59,63.47,158.12,32.62,0.014105169109276167,0.0015244092823963992,0.015629578391672568,5422517.76,1.56,15.92
2018-10-01,2785.46,52.81,131.05666666666667,252.88,3.15,3371.91,63.93,158.65,31.04,-0.04168715309257409,0.0015141008187938916,-0.0401730522737802,5204678.67,-4.02,8.23
2018-11-01,2723.23,53.28,131.72333333333333,252.04,3.12,3307.66,64.71,159.99,30.2,-0.019054482474324643,0.0015992419726505154,-0.017455240501674126,5113829.76,-1.75,4.68
2018-12-01,2567.31,53.75,132.39,251.23,2.83,3128.27,65.49,161.32,28.29,-0.0542347157809448,0.0016499579763337223,-0.052584757804611075,4844920.26,-5.26,-3.66
2019-01-01,2607.39,54.14666666666667,133.05666666666664,251.71,2.71,3171.06,65.85,161.82,28.38,0.013678486831379634,0.0017541644423275484,0.015432651273707182,4919690.22,1.54,-6.2
2019-02-01,2754.86,54.54333333333334,133.7233333333333,252.78,2.68,3336.31,66.06,161.95,29.54,0.0521119121051005,0.0017360125636222588,0.05384792466872276,5184605.33,5.38,2.25
2019-03-01,2803.98,54.94,134.39,254.2,2.57,3376.75,66.16,161.84,29.58,0.012121175790019529,0.001652524295803847,0.013773700085823376,5256016.53,1.38,3.82
2019-04-01,2903.8,55.319091580592705,134.68333333333334,255.55,2.53,3478.54,66.27,161.34,30.13,0.03014436958614051,0.0016354482860738875,0.03177981787221439,5423051.78,3.18,9.36
2019-05-01,2854.71,55.69818316118541,134.97666666666666,256.09,2.4,3412.47,66.58,161.35,29.24,-0.018993600763538773,0.0015950178331522228,-0.017398582930386552,5328698.36,-1.74,5.83
2019-06-01,2890.17,56.07727474177812,135.27,256.14,2.06,3454.17,67.02,161.67,29.28,0.012219887647364014,0.0016366444247128914,0.013856532072076905,5402535.64,1.39,5.24
2019-07-01,2996.1136363636365,56.45818316118542,134.48000000000002,256.57,1.63,3574.81,67.36,160.45,29.99,0.034925901157152044,0.0016250889022061258,0.03655099005935817,5600003.67,3.66,7.4
2019-08-01,2897.498181818182,56.83909158059271,133.69,256.56,1.63,3457.32,67.82,159.52,28.71,-0.03286608239319007,0.001580969804455808,-0.03128511258873426,5424806.92,-3.13,1.61
2019-09-01,2982.156,57.22,132.9,256.76,1.7,3555.55,68.22,158.45,29.23,0.028412180532898318,0.0016443372323071048,0.03005651776520542,5587857.73,3.01,3.05
2019-10-01,2977.68,57.56,135.09,257.35,1.71,3542.12,68.47,160.7,28.84,-0.0037771934018647722,0.001604768132450207,-0.0021724252694145653,5575718.52,-0.22,7.13
2019-11-01,3104.9044999999996,57.900000000000006,137.28,257.21,1.81,3695.44,68.91,163.39,29.84,0.04328481248517842,0.0016212042505618105,0.044906016735740226,5826101.83,4.49,13.93
2019-12-01,3176.7495238095235,58.24,139.47,256.97,1.86,3784.39,69.38,166.15,30.33,0.024070205442382996,0.0015645408034406366,0.025634746245823632,5975452.48,2.56,23.33
2020-01-01,3278.2028571428577,58.686867862126704,131.75666666666666,257.97,1.76,3890.16,69.64,156.35,30.99,0.027949022167377036,0.0015334924078473239,0.02948251457522436,6151623.84,2.95,25.04
2020-02-01,3277.3142105263164,59.13373572425341,124.04333333333332,258.68,1.5,3878.47,69.98,146.8,30.73,-0.0030050177884714396,0.001499081443094029,-0.0015059363453774107,6142359.89,-0.15,18.47
2020-03-01,2652.3936363636367,59.58060358638012,116.33,258.12,0.87,3145.77,70.66,137.97,24.82,-0.18891470090009715,0.001518210359583375,-0.18739649054051377,4991303.2,-18.74,-5.04
2020-04-01,2761.975238095238,59.61373572425342,110.63,256.39,0.66,3297.79,71.18,132.09,25.93,0.048325211315512574,0.0018856008756732588,0.05021081219118583,5241920.59,5.02,-3.34
2020-05-01,2919.615,59.64686786212671,104.93,256.39,0.67,3485.94,71.22,125.28,27.33,0.05705335997743947,0.0017996900954881905,0.05885305007292766,5550423.6,5.89,4.16
2020-06-01,3104.6609090909087,59.68,99.23,257.8,0.73,3686.71,70.87,117.83,28.84,0.057594221357797314,0.0016941867425524632,0.05928840810034978,5879499.38,5.93,8.83
2020-07-01,3207.6190909090906,59.403333333333336,98.89333333333336,259.1,0.62,3789.8,70.18,116.84,29.6,0.027962600801256444,0.0015863285512918927,0.029548929352548336,6053232.29,2.95,8.09
2020-08-01,3391.71,59.126666666666665,98.55666666666669,259.92,0.65,3994.7,69.64,116.08,31.16,0.05406617763470358,0.0015313033229545974,0.05559748095765818,6389776.76,5.56,17.79
2020-09-01,3365.5166666666664,58.85,98.22,260.28,0.68,3958.34,69.22,115.52,30.84,-0.00910206022980441,0.0014439966288665818,-0.007658063600937829,6340843.44,-0.77,13.48
2020-10-01,3418.701363636364,58.659615378670054,96.85666666666668,260.39,0.79,4019.23,68.96,113.87,31.28,0.015382710934381552,0.0014517870285692149,0.016834497962950768,6447588.36,1.68,15.64
2020-11-01,3548.992500000001,58.469230757340114,95.49333333333334,260.23,0.87,4174.95,68.78,112.34,32.47,0.03874373947248597,0.0014260608789909179,0.04016980035147689,6706586.7,4.02,15.11
2020-12-01,3695.309999999999,58.27884613601017,94.13,260.47,0.93,4342.99,68.49,110.63,33.77,0.04024958382735122,0.0013670822405058743,0.04161666606785709,6985692.48,4.16,16.91
2021-01-01,3793.748421052632,58.06369311230766,105.48666666666664,261.58,1.08,4439.8,67.95,123.45,34.51,0.02229109438428373,0.0013038252448198133,0.023594919629103542,7150519.33,2.36,16.24
2021-02-01,3883.4321052631576,57.84854008860516,116.84333333333332,263.01,1.26,4520.01,67.33,136.0,35.1,0.018066129104914643,0.0012637581272429688,0.019329887232157613,7288738.06,1.93,18.66
2021-03-01,3910.5082608695648,57.63338706490265,128.2,264.88,1.61,4519.51,66.61,148.17,35.04,-0.00011061922429375156,0.0012280577550344651,0.0011174385307407136,7296882.78,0.11,46.19
2021-04-01,4141.176190476191,57.71060542140715,138.38666666666666,267.05,1.64,4747.08,66.15,158.63,36.72,0.050352803733147995,0.0012197118714196893,0.05157251560456769,7673201.38,5.16,46.38
2021-05-01,4167.849500000001,57.787823777911655,148.57333333333332,269.19,1.62,4739.66,65.72,168.96,36.55,-0.0015630661374992781,0.0011536916729161224,-0.0004093744645831557,7670060.17,-0.04,38.19
2021-06-01,4238.489545454546,57.86504213441615,158.76,271.7,1.52,4775.62,65.2,178.88,36.7,0.0075870421085056814,0.0011463550831353586,0.00873339719164104,7737045.85,0.87,31.59
2021-07-01,4363.7128571428575,58.32818900579217,164.31666666666666,273.0,1.32,4893.18,65.41,184.25,37.44,0.024616698983587555,0.0011413875755050304,0.025758086559092584,7936337.34,2.58,31.11
2021-08-01,4454.206363636363,58.79133587716819,169.8733333333333,273.57,1.28,4984.36,65.79,190.09,37.97,0.018634098888657146,0.0011204370164187708,0.019754535905075917,8093116.01,1.98,26.66
2021-09-01,4445.543333333333,59.254482748544206,175.43,274.31,1.37,4961.19,66.13,195.78,37.62,-0.004648540635106628,0.0011056250618601653,-0.003542915573246463,8064442.78,-0.35,27.18
2021-10-01,4460.707142857143,59.63536092649366,182.91,276.59,1.58,4937.09,66.0,202.44,37.25,-0.0048577055101698295,0.0011086049919474966,-0.003749100518222333,8034208.37,-0.37,24.61
2021-11-01,4667.386666666667,60.01623910444312,190.39,277.95,1.56,5140.59,66.1,209.69,38.58,0.041218612583525924,0.0011157044601847106,0.042334317043710636,8374331.1,4.23,24.87
2021-12-01,4674.772727272726,60.397117282392585,197.87,278.8,1.47,5132.95,66.32,217.26,38.3,-0.0014862107267843432,0.0010751035711205651,-0.00041110715566377806,8370888.35,-0.04,19.83
2022-01-01,4573.8155,60.921402962953294,197.88333333333333,281.15,1.76,4980.19,66.33,215.46,36.94,-0.029760663945684298,0.001076866129613575,-0.028683797816070722,8130779.48,-2.87,13.71
2022-02-01,4435.980526315789,61.44568864351402,197.89666666666665,283.72,1.93,4786.39,66.3,213.53,35.29,-0.0389141779731294,0.0011093954246725525,-0.037804782548456844,7823397.13,-3.78,7.34
2022-03-01,4391.265217391306,61.969974324074734,197.91,287.5,2.13,4675.72,65.98,210.73,34.27,-0.023121809965339236,0.0011487432769442803,-0.021973066688394955,7651493.1,-2.2,4.86
2022-04-01,4391.295999999999,62.65331621604982,196.02666666666664,289.11,2.75,4649.79,66.34,207.57,33.89,-0.005545669971683567,0.0011823490998890723,-0.004363320871794495,7618107.18,-0.44,-0.72
2022-05-01,4040.36,63.336658108024906,194.14333333333332,292.3,2.9,4231.55,66.33,203.33,30.67,-0.08994814819593999,0.001188763363506739,-0.08875938483243326,6941928.68,-8.88,-9.49
2022-06-01,3898.946666666667,64.02,192.26,296.31,3.14,4028.12,66.14,198.63,29.05,-0.04807458259975666,0.0013025172021284557,-0.0467720653976282,6617240.33,-4.68,-14.47
2022-07-01,3911.729499999999,64.4527684478357,190.58333333333331,296.28,2.9,4041.8,66.6,196.92,29.0,0.0033961252395659242,0.0013778139678063215,0.004773939207372246,6648830.64,0.48,-16.22
2022-08-01,4158.5630434782615,64.8855368956714,188.90666666666664,296.17,2.9,4298.36,67.07,195.26,30.7,0.0634766688109257,0.001382840978441948,0.06485950978936765,7080070.53,6.49,-12.52
2022-09-01,3850.520476190475,65.31830534350709,187.23,296.81,3.52,3971.42,67.37,193.11,28.23,-0.07606156766766851,0.0013061183024843585,-0.07475544936518416,6550796.68,-7.48,-18.77
2022-10-01,3726.050952380952,65.85220356233806,182.40333333333336,298.01,3.98,3827.52,67.65,187.37,27.08,-0.036233891152283086,0.0014195174521959401,-0.034814373700087144,6322734.8,-3.48,-21.3
2022-11-01,3917.488571428571,66.38610178116903,177.57666666666665,297.71,3.89,4028.24,68.26,182.6,28.38,0.052441267452554084,0.0014861668478109412,0.05392743430036503,6663703.66,5.39,-20.43
2022-12-01,3912.380952380953,66.92,172.75,296.8,3.62,4035.38,69.02,178.18,28.32,0.001772486247095587,0.0014278361434936018,0.003200322390589189,6685029.66,0.32,-20.14
2023-01-01,3960.6565,67.35,173.55666666666667,299.17,3.53,4052.77,68.92,177.59,28.33,0.00430938350291667,0.0014232447336640745,0.005732628236580745,6723352.45,0.57,-17.31
